-- --------------------------------------------------------
-- 호스트:                          127.0.0.1
-- 서버 버전:                        10.6.4-MariaDB - mariadb.org binary distribution
-- 서버 OS:                        Win64
-- HeidiSQL 버전:                  11.3.0.6295
-- --------------------------------------------------------

/*!40101 SET @OLD_CHARACTER_SET_CLIENT=@@CHARACTER_SET_CLIENT */;
/*!40101 SET NAMES utf8 */;
/*!50503 SET NAMES utf8mb4 */;
/*!40014 SET @OLD_FOREIGN_KEY_CHECKS=@@FOREIGN_KEY_CHECKS, FOREIGN_KEY_CHECKS=0 */;
/*!40101 SET @OLD_SQL_MODE=@@SQL_MODE, SQL_MODE='NO_AUTO_VALUE_ON_ZERO' */;
/*!40111 SET @OLD_SQL_NOTES=@@SQL_NOTES, SQL_NOTES=0 */;


-- shop 데이터베이스 구조 내보내기
CREATE DATABASE IF NOT EXISTS `shop` /*!40100 DEFAULT CHARACTER SET utf8mb3 */;
USE `shop`;

-- 테이블 shop.category 구조 내보내기
CREATE TABLE IF NOT EXISTS `category` (
  `category_name` varchar(200) NOT NULL,
  `update_date` datetime NOT NULL,
  `create_date` datetime NOT NULL,
  `category_state` enum('Y','N') DEFAULT NULL,
  PRIMARY KEY (`category_name`)
) ENGINE=InnoDB DEFAULT CHARSET=utf8mb3;

-- 테이블 데이터 shop.category:~5 rows (대략적) 내보내기
DELETE FROM `category`;
/*!40000 ALTER TABLE `category` DISABLE KEYS */;
INSERT INTO `category` (`category_name`, `update_date`, `create_date`, `category_state`) VALUES
	('경제', '2021-09-17 17:27:32', '2021-09-17 15:14:01', 'Y'),
	('만화', '2021-09-17 15:13:43', '2021-09-17 15:13:43', 'Y'),
	('소설', '2021-09-17 15:13:33', '2021-09-17 15:13:34', 'Y'),
	('여행', '2021-09-17 17:27:33', '2021-09-17 15:13:56', 'Y'),
	('외국어', '2021-10-04 20:29:30', '2021-09-17 15:15:31', 'Y');
/*!40000 ALTER TABLE `category` ENABLE KEYS */;

-- 테이블 shop.ebook 구조 내보내기
CREATE TABLE IF NOT EXISTS `ebook` (
  `ebook_no` int(11) NOT NULL AUTO_INCREMENT,
  `ebook_isbn` char(13) NOT NULL,
  `category_name` varchar(50) NOT NULL,
  `ebook_title` varchar(50) NOT NULL,
  `ebook_author` varchar(50) NOT NULL,
  `ebook_company` varchar(50) NOT NULL,
  `ebook_page_count` int(11) NOT NULL,
  `ebook_price` int(11) NOT NULL,
  `ebook_img` varchar(50) NOT NULL,
  `ebook_summary` text NOT NULL,
  `ebook_state` enum('판매중','품절','절판','구편절판') NOT NULL,
  `create_date` datetime NOT NULL,
  `update_date` datetime NOT NULL,
  PRIMARY KEY (`ebook_no`),
  KEY `FK_ebook_category` (`category_name`),
  CONSTRAINT `FK_ebook_category` FOREIGN KEY (`category_name`) REFERENCES `category` (`category_name`) ON DELETE NO ACTION ON UPDATE NO ACTION
) ENGINE=InnoDB AUTO_INCREMENT=2001 DEFAULT CHARSET=utf8mb3;

-- 테이블 데이터 shop.ebook:~2,011 rows (대략적) 내보내기
DELETE FROM `ebook`;
/*!40000 ALTER TABLE `ebook` DISABLE KEYS */;
INSERT INTO `ebook` (`ebook_no`, `ebook_isbn`, `category_name`, `ebook_title`, `ebook_author`, `ebook_company`, `ebook_page_count`, `ebook_price`, `ebook_img`, `ebook_summary`, `ebook_state`, `create_date`, `update_date`) VALUES
	(1, '839243472-2', '소설', 'Viva', 'Ozzy', 'Kare', 100, 28843, 'noimage.png', 'duis mattis egestas metus aenean fermentum donec ut mauris eget massa tempor convallis nulla neque libero convallis eget eleifend', '절판', '2021-02-27 00:00:00', '2021-09-23 00:00:00'),
	(2, '468160269-8', '만화', 'Zaam-Dox', 'Joann', 'Quamba', 100, 24163, 'noimage.png', 'vestibulum velit id pretium iaculis diam erat fermentum justo nec condimentum neque sapien placerat ante', '판매중', '2021-05-26 00:00:00', '2021-09-23 00:00:00'),
	(3, '310860056-7', '여행', 'Tin', 'Henri', 'Latz', 100, 11698, 'noimage.png', 'non ligula pellentesque ultrices phasellus id sapien in sapien iaculis', '판매중', '2020-11-28 00:00:00', '2021-09-23 00:00:00'),
	(4, '425833587-8', '여행', 'Lotlux', 'Tobias', 'Skaboo', 100, 5184, 'noimage.png', 'nunc commodo placerat praesent blandit nam nulla integer pede justo lacinia eget tincidunt eget tempus vel', '판매중', '2021-03-15 00:00:00', '2021-09-23 00:00:00'),
	(5, '826925581-5', '외국어', 'Mat Lam Tam', 'Blaine', 'Yata', 100, 15987, 'noimage.png', 'vel augue vestibulum rutrum rutrum neque aenean auctor gravida sem praesent id massa', '품절', '2021-04-28 00:00:00', '2021-09-23 00:00:00'),
	(6, '727760313-3', '소설', 'Konklux', 'Stephanus', 'Nlounge', 100, 24125, 'noimage.png', 'eu sapien cursus vestibulum proin eu mi nulla ac enim in tempor turpis nec euismod scelerisque quam turpis adipiscing lorem', '구편절판', '2021-03-12 00:00:00', '2021-09-23 00:00:00'),
	(7, '873007668-4', '만화', 'Overhold', 'Wallache', 'Yakidoo', 100, 6246, 'noimage.png', 'posuere cubilia curae mauris viverra diam vitae quam suspendisse potenti nullam porttitor lacus', '구편절판', '2020-12-12 00:00:00', '2021-09-23 00:00:00'),
	(8, '956985576-2', '외국어', 'Cardify', 'Borg', 'Feedmix', 100, 16429, 'noimage.png', 'erat nulla tempus vivamus in felis eu sapien cursus vestibulum', '구편절판', '2021-05-31 00:00:00', '2021-09-23 00:00:00'),
	(9, '785618937-1', '외국어', 'Quo Lux', 'Zebulon', 'Linktype', 100, 12831, 'noimage.png', 'et eros vestibulum ac est lacinia nisi venenatis tristique fusce', '판매중', '2021-04-27 00:00:00', '2021-09-23 00:00:00'),
	(10, '641714373-2', '만화', 'Matsoft', 'Davis', 'Photolist', 100, 10759, 'noimage.png', 'etiam faucibus cursus urna ut tellus nulla ut erat id mauris vulputate elementum nullam varius nulla facilisi cras non', '구편절판', '2021-04-22 00:00:00', '2021-09-23 00:00:00'),
	(11, '625614461-9', '만화', 'Fix San', 'Barty', 'Voonyx', 100, 7963, 'noimage.png', 'justo sollicitudin ut suscipit a feugiat et eros vestibulum ac est lacinia nisi venenatis tristique fusce congue', '판매중', '2021-04-14 00:00:00', '2021-09-23 00:00:00'),
	(12, '743864054-X', '소설', 'Stringtough', 'Corry', 'Zoomcast', 100, 28071, 'noimage.png', 'nulla quisque arcu libero rutrum ac lobortis vel dapibus at', '품절', '2021-05-05 00:00:00', '2021-09-23 00:00:00'),
	(13, '821642992-4', '소설', 'Job', 'Lucinda', 'Yadel', 100, 18826, 'noimage.png', 'vitae consectetuer eget rutrum at lorem integer tincidunt ante vel ipsum praesent blandit lacinia', '판매중', '2020-12-07 00:00:00', '2021-09-23 00:00:00'),
	(14, '492098372-7', '여행', 'It', 'Perceval', 'Tagfeed', 100, 25498, 'noimage.png', 'neque vestibulum eget vulputate ut ultrices vel augue vestibulum ante ipsum primis', '판매중', '2021-07-03 00:00:00', '2021-09-23 00:00:00'),
	(15, '582353046-3', '만화', 'Tin', 'David', 'Babblestorm', 100, 10473, 'noimage.png', 'nunc commodo placerat praesent blandit nam nulla integer pede justo lacinia eget tincidunt', '판매중', '2021-08-02 00:00:00', '2021-09-23 00:00:00'),
	(16, '484647915-3', '외국어', 'Sonsing', 'Leontyne', 'Demimbu', 100, 14211, 'noimage.png', 'mi sit amet lobortis sapien sapien non mi integer ac neque duis bibendum morbi non quam nec dui luctus rutrum', '구편절판', '2020-12-11 00:00:00', '2021-09-23 00:00:00'),
	(17, '923404792-3', '경제', 'Ronstring', 'Cyrus', 'Kazio', 100, 10508, 'noimage.png', 'tincidunt in leo maecenas pulvinar lobortis est phasellus sit amet erat nulla tempus vivamus in', '판매중', '2021-04-05 00:00:00', '2021-09-23 00:00:00'),
	(18, '195932512-4', '만화', 'Andalax', 'Kitty', 'Zoomdog', 100, 6037, 'noimage.png', 'auctor gravida sem praesent id massa id nisl venenatis lacinia aenean sit amet justo morbi ut odio', '판매중', '2021-03-12 00:00:00', '2021-09-23 00:00:00'),
	(19, '345155148-9', '여행', 'Overhold', 'Moselle', 'InnoZ', 100, 15777, 'noimage.png', 'amet nulla quisque arcu libero rutrum ac lobortis vel dapibus at diam', '품절', '2020-12-17 00:00:00', '2021-09-23 00:00:00'),
	(20, '312510154-9', '경제', 'Ronstring', 'Neron', 'Jaxworks', 100, 19215, 'noimage.png', 'et magnis dis parturient montes nascetur ridiculus mus etiam vel augue vestibulum rutrum rutrum neque', '판매중', '2021-04-03 00:00:00', '2021-09-23 00:00:00'),
	(21, '082100684-3', '여행', 'Tampflex', 'Saundra', 'Lajo', 100, 6104, 'noimage.png', 'pede malesuada in imperdiet et commodo vulputate justo in blandit ultrices enim lorem ipsum dolor sit', '판매중', '2020-11-27 00:00:00', '2021-09-23 00:00:00'),
	(22, '484436014-0', '여행', 'Overhold', 'Tabbi', 'Mita', 100, 29321, 'noimage.png', 'faucibus orci luctus et ultrices posuere cubilia curae duis faucibus accumsan odio curabitur convallis duis consequat dui nec', '판매중', '2020-11-04 00:00:00', '2021-09-23 00:00:00'),
	(23, '449441263-5', '여행', 'Bitchip', 'Candra', 'Twitterwire', 100, 7319, 'noimage.png', 'at nunc commodo placerat praesent blandit nam nulla integer pede', '판매중', '2021-08-23 00:00:00', '2021-09-23 00:00:00'),
	(24, '077012771-1', '경제', 'Gembucket', 'Berri', 'Realcube', 100, 23534, 'noimage.png', 'nibh in lectus pellentesque at nulla suspendisse potenti cras in purus eu magna vulputate luctus cum sociis natoque penatibus et', '판매중', '2021-08-09 00:00:00', '2021-09-23 00:00:00'),
	(25, '701227087-X', '여행', 'Rank', 'Dyna', 'Tavu', 100, 25441, 'noimage.png', 'pede venenatis non sodales sed tincidunt eu felis fusce posuere felis sed lacus', '판매중', '2021-08-13 00:00:00', '2021-09-23 00:00:00'),
	(26, '607570946-0', '경제', 'Quo Lux', 'Evelyn', 'Dabshots', 100, 21060, 'noimage.png', 'scelerisque mauris sit amet eros suspendisse accumsan tortor quis turpis', '구편절판', '2021-03-15 00:00:00', '2021-09-23 00:00:00'),
	(27, '298331980-6', '외국어', 'Opela', 'Lauren', 'Skipfire', 100, 25833, 'noimage.png', 'tortor id nulla ultrices aliquet maecenas leo odio condimentum id luctus nec molestie sed justo pellentesque viverra', '구편절판', '2021-04-10 00:00:00', '2021-09-23 00:00:00'),
	(28, '160771420-5', '만화', 'Quo Lux', 'Stephie', 'Skipstorm', 100, 13831, 'noimage.png', 'viverra dapibus nulla suscipit ligula in lacus curabitur at ipsum ac tellus semper interdum', '절판', '2021-06-27 00:00:00', '2021-09-23 00:00:00'),
	(29, '065749443-7', '만화', 'Overhold', 'Joleen', 'Wordware', 100, 19381, 'noimage.png', 'curae donec pharetra magna vestibulum aliquet ultrices erat tortor sollicitudin', '구편절판', '2021-03-27 00:00:00', '2021-09-23 00:00:00'),
	(30, '332747152-5', '만화', 'Andalax', 'Van', 'Meedoo', 100, 26249, 'noimage.png', 'odio porttitor id consequat in consequat ut nulla sed accumsan felis ut at dolor', '절판', '2020-12-29 00:00:00', '2021-09-23 00:00:00'),
	(31, '680817831-3', '만화', 'Veribet', 'Beth', 'Oyonder', 100, 9201, 'noimage.png', 'adipiscing elit proin risus praesent lectus vestibulum quam sapien varius ut blandit non interdum in ante vestibulum ante ipsum primis', '품절', '2020-09-26 00:00:00', '2021-09-23 00:00:00'),
	(32, '924474136-9', '외국어', 'Pannier', 'Nicholle', 'Zava', 100, 27736, 'noimage.png', 'nam congue risus semper porta volutpat quam pede lobortis ligula sit amet eleifend', '절판', '2021-03-07 00:00:00', '2021-09-23 00:00:00'),
	(33, '203766299-8', '만화', 'Ronstring', 'Ashbey', 'Meevee', 100, 21840, 'noimage.png', 'morbi ut odio cras mi pede malesuada in imperdiet et commodo vulputate justo in', '절판', '2020-10-14 00:00:00', '2021-09-23 00:00:00'),
	(34, '483494779-3', '만화', 'Opela', 'Chic', 'Centidel', 100, 16085, 'noimage.png', 'accumsan tellus nisi eu orci mauris lacinia sapien quis libero nullam sit amet turpis elementum ligula vehicula consequat morbi', '절판', '2020-10-19 00:00:00', '2021-09-23 00:00:00'),
	(35, '222499891-0', '여행', 'Veribet', 'Jimmie', 'Innojam', 100, 12686, 'noimage.png', 'in faucibus orci luctus et ultrices posuere cubilia curae duis faucibus accumsan odio curabitur convallis duis consequat dui nec', '절판', '2021-02-21 00:00:00', '2021-09-23 00:00:00'),
	(36, '185648738-5', '만화', 'Tampflex', 'Dennie', 'Photolist', 100, 20037, 'noimage.png', 'odio donec vitae nisi nam ultrices libero non mattis pulvinar nulla pede ullamcorper augue a suscipit nulla elit ac nulla', '구편절판', '2021-04-17 00:00:00', '2021-09-23 00:00:00'),
	(37, '359683395-7', '외국어', 'Sonsing', 'Joellyn', 'Skyba', 100, 29081, 'noimage.png', 'fusce posuere felis sed lacus morbi sem mauris laoreet ut rhoncus aliquet pulvinar sed nisl nunc', '품절', '2021-06-09 00:00:00', '2021-09-23 00:00:00'),
	(38, '139385950-X', '소설', 'Alpha', 'Caron', 'Twinte', 100, 24853, 'noimage.png', 'arcu sed augue aliquam erat volutpat in congue etiam justo etiam pretium iaculis justo in hac', '절판', '2020-12-30 00:00:00', '2021-09-23 00:00:00'),
	(39, '319987999-3', '소설', 'Home Ing', 'Reinald', 'Mymm', 100, 18174, 'noimage.png', 'sollicitudin vitae consectetuer eget rutrum at lorem integer tincidunt ante vel ipsum praesent blandit lacinia erat', '품절', '2021-08-04 00:00:00', '2021-09-23 00:00:00'),
	(40, '986373962-6', '여행', 'Quo Lux', 'Melly', 'Tavu', 100, 26826, 'noimage.png', 'consequat in consequat ut nulla sed accumsan felis ut at dolor quis odio consequat', '구편절판', '2021-06-05 00:00:00', '2021-09-23 00:00:00'),
	(41, '133146073-5', '여행', 'Span', 'Wilow', 'Linkbridge', 100, 5372, 'noimage.png', 'non mauris morbi non lectus aliquam sit amet diam in magna bibendum imperdiet nullam orci', '판매중', '2020-11-28 00:00:00', '2021-09-23 00:00:00'),
	(42, '382132564-X', '외국어', 'Bamity', 'Shamus', 'Blogpad', 100, 20870, 'noimage.png', 'in felis donec semper sapien a libero nam dui proin leo odio porttitor id consequat', '품절', '2021-02-19 00:00:00', '2021-09-23 00:00:00'),
	(43, '214742311-4', '경제', 'Flexidy', 'Amelie', 'Abatz', 100, 6005, 'noimage.png', 'imperdiet nullam orci pede venenatis non sodales sed tincidunt eu felis fusce posuere felis sed lacus', '품절', '2021-09-10 00:00:00', '2021-09-23 00:00:00'),
	(44, '415026231-4', '만화', 'Asoka', 'Teddy', 'Mynte', 100, 10691, 'noimage.png', 'sed tincidunt eu felis fusce posuere felis sed lacus morbi sem mauris laoreet', '절판', '2021-07-28 00:00:00', '2021-09-23 00:00:00'),
	(45, '593652573-2', '외국어', 'Veribet', 'Leonardo', 'Mynte', 100, 10867, 'noimage.png', 'eu massa donec dapibus duis at velit eu est congue elementum', '구편절판', '2021-09-08 00:00:00', '2021-09-23 00:00:00'),
	(46, '415884174-7', '만화', 'Bamity', 'Katey', 'Meezzy', 100, 29234, 'noimage.png', 'dapibus nulla suscipit ligula in lacus curabitur at ipsum ac tellus semper interdum mauris ullamcorper purus sit amet nulla quisque', '구편절판', '2021-04-04 00:00:00', '2021-09-23 00:00:00'),
	(47, '458126430-8', '만화', 'Transcof', 'Rois', 'Blogspan', 100, 16870, 'noimage.png', 'mollis molestie lorem quisque ut erat curabitur gravida nisi at nibh in hac habitasse platea dictumst aliquam', '품절', '2021-01-30 00:00:00', '2021-09-23 00:00:00'),
	(48, '296202853-5', '경제', 'Asoka', 'Isidoro', 'Mydo', 100, 24320, 'noimage.png', 'varius ut blandit non interdum in ante vestibulum ante ipsum primis in faucibus orci luctus et ultrices', '구편절판', '2020-12-26 00:00:00', '2021-09-23 00:00:00'),
	(49, '035269180-8', '만화', 'Fintone', 'Nicky', 'Gigaclub', 100, 11831, 'noimage.png', 'habitasse platea dictumst etiam faucibus cursus urna ut tellus nulla ut erat id mauris', '품절', '2020-11-14 00:00:00', '2021-09-23 00:00:00'),
	(50, '572847481-0', '여행', 'Domainer', 'Neely', 'Topicshots', 100, 26831, 'noimage.png', 'non ligula pellentesque ultrices phasellus id sapien in sapien iaculis congue vivamus metus arcu adipiscing molestie hendrerit', '구편절판', '2020-11-04 00:00:00', '2021-09-23 00:00:00'),
	(51, '981357312-0', '외국어', 'Overhold', 'Shayne', 'Dabtype', 100, 27050, 'noimage.png', 'risus praesent lectus vestibulum quam sapien varius ut blandit non interdum in', '절판', '2021-03-14 00:00:00', '2021-09-23 00:00:00'),
	(52, '444953989-3', '경제', 'Stim', 'Reynolds', 'Tagopia', 100, 26906, 'noimage.png', 'ut erat curabitur gravida nisi at nibh in hac habitasse platea dictumst aliquam augue quam', '판매중', '2021-07-14 00:00:00', '2021-09-23 00:00:00'),
	(53, '649665491-3', '여행', 'Fixflex', 'Devonne', 'Devbug', 100, 18727, 'noimage.png', 'suscipit nulla elit ac nulla sed vel enim sit amet nunc viverra dapibus nulla suscipit ligula in lacus curabitur at', '구편절판', '2021-06-29 00:00:00', '2021-09-23 00:00:00'),
	(54, '895572362-8', '소설', 'Solarbreeze', 'Jason', 'Quimba', 100, 28415, 'noimage.png', 'in hac habitasse platea dictumst aliquam augue quam sollicitudin vitae consectetuer eget rutrum at', '절판', '2020-11-04 00:00:00', '2021-09-23 00:00:00'),
	(55, '173640720-1', '만화', 'Ventosanzap', 'Oliviero', 'Agimba', 100, 5806, 'noimage.png', 'morbi odio odio elementum eu interdum eu tincidunt in leo maecenas pulvinar lobortis est phasellus sit amet erat', '판매중', '2020-11-09 00:00:00', '2021-09-23 00:00:00'),
	(56, '522470204-6', '여행', 'Voyatouch', 'Bronny', 'Skidoo', 100, 13710, 'noimage.png', 'quam nec dui luctus rutrum nulla tellus in sagittis dui vel nisl duis ac', '판매중', '2021-05-27 00:00:00', '2021-09-23 00:00:00'),
	(57, '815703156-7', '경제', 'Stringtough', 'Jodee', 'Kwideo', 100, 27726, 'noimage.png', 'integer non velit donec diam neque vestibulum eget vulputate ut ultrices vel augue', '판매중', '2021-05-27 00:00:00', '2021-09-23 00:00:00'),
	(58, '868682604-0', '소설', 'Konklab', 'Marshal', 'Oyoba', 100, 13399, 'noimage.png', 'ipsum primis in faucibus orci luctus et ultrices posuere cubilia curae mauris viverra diam vitae', '절판', '2021-05-03 00:00:00', '2021-09-23 00:00:00'),
	(59, '556345241-7', '외국어', 'It', 'Bradley', 'Brightdog', 100, 10802, 'noimage.png', 'aliquam erat volutpat in congue etiam justo etiam pretium iaculis justo in hac habitasse platea', '판매중', '2020-10-17 00:00:00', '2021-09-23 00:00:00'),
	(60, '215299843-X', '외국어', 'Vagram', 'Kora', 'Gabspot', 100, 23314, 'noimage.png', 'aliquam convallis nunc proin at turpis a pede posuere nonummy integer non velit donec diam neque vestibulum eget', '구편절판', '2020-11-16 00:00:00', '2021-09-23 00:00:00'),
	(61, '791355990-X', '소설', 'Lotstring', 'Charin', 'Devshare', 100, 17317, 'noimage.png', 'ipsum primis in faucibus orci luctus et ultrices posuere cubilia curae mauris viverra diam vitae', '구편절판', '2020-09-28 00:00:00', '2021-09-23 00:00:00'),
	(62, '675383205-X', '소설', 'Wrapsafe', 'Misti', 'Bluejam', 100, 19465, 'noimage.png', 'tincidunt in leo maecenas pulvinar lobortis est phasellus sit amet erat nulla tempus vivamus in felis eu sapien cursus vestibulum', '판매중', '2021-04-16 00:00:00', '2021-09-23 00:00:00'),
	(63, '095582836-8', '외국어', 'Stronghold', 'Oriana', 'Blognation', 100, 14723, 'noimage.png', 'posuere nonummy integer non velit donec diam neque vestibulum eget', '절판', '2021-05-16 00:00:00', '2021-09-23 00:00:00'),
	(64, '981823568-1', '경제', 'Solarbreeze', 'Lilas', 'Topiczoom', 100, 21163, 'noimage.png', 'ac nulla sed vel enim sit amet nunc viverra dapibus nulla suscipit ligula in', '판매중', '2020-12-13 00:00:00', '2021-09-23 00:00:00'),
	(65, '441936345-2', '소설', 'Zontrax', 'Filip', 'Meetz', 100, 16116, 'noimage.png', 'nec molestie sed justo pellentesque viverra pede ac diam cras pellentesque', '품절', '2021-01-23 00:00:00', '2021-09-23 00:00:00'),
	(66, '115883590-6', '여행', 'Matsoft', 'Elwira', 'Gabtype', 100, 11802, 'noimage.png', 'turpis sed ante vivamus tortor duis mattis egestas metus aenean fermentum donec', '품절', '2020-11-13 00:00:00', '2021-09-23 00:00:00'),
	(67, '115543122-7', '여행', 'Treeflex', 'Eliza', 'Topicshots', 100, 26379, 'noimage.png', 'donec odio justo sollicitudin ut suscipit a feugiat et eros vestibulum ac est', '품절', '2021-05-28 00:00:00', '2021-09-23 00:00:00'),
	(68, '781590696-6', '여행', 'Alpha', 'Klement', 'Chatterpoint', 100, 7024, 'noimage.png', 'id nisl venenatis lacinia aenean sit amet justo morbi ut odio cras mi pede malesuada in', '품절', '2021-04-18 00:00:00', '2021-09-23 00:00:00'),
	(69, '629245685-4', '소설', 'Toughjoyfax', 'Aldridge', 'Chatterpoint', 100, 23423, 'noimage.png', 'bibendum imperdiet nullam orci pede venenatis non sodales sed tincidunt eu felis fusce posuere felis sed lacus morbi sem', '품절', '2021-08-20 00:00:00', '2021-09-23 00:00:00'),
	(70, '110212399-4', '만화', 'Y-Solowarm', 'Jorge', 'Meeveo', 100, 12297, 'noimage.png', 'enim in tempor turpis nec euismod scelerisque quam turpis adipiscing lorem vitae mattis', '구편절판', '2020-11-18 00:00:00', '2021-09-23 00:00:00'),
	(71, '766112737-7', '소설', 'Y-find', 'Laurette', 'Avaveo', 100, 28919, 'noimage.png', 'diam neque vestibulum eget vulputate ut ultrices vel augue vestibulum ante', '구편절판', '2021-05-12 00:00:00', '2021-09-23 00:00:00'),
	(72, '035448538-5', '외국어', 'Fintone', 'Zed', 'Shufflebeat', 100, 16025, 'noimage.png', 'ut odio cras mi pede malesuada in imperdiet et commodo vulputate justo in blandit', '판매중', '2021-07-04 00:00:00', '2021-09-23 00:00:00'),
	(73, '315807480-X', '경제', 'Stim', 'Diane', 'Midel', 100, 13921, 'noimage.png', 'blandit non interdum in ante vestibulum ante ipsum primis in faucibus orci luctus', '품절', '2021-02-09 00:00:00', '2021-09-23 00:00:00'),
	(74, '858206387-3', '만화', 'Sonair', 'Donnie', 'Realcube', 100, 5253, 'noimage.png', 'eget eleifend luctus ultricies eu nibh quisque id justo sit amet sapien dignissim vestibulum vestibulum ante ipsum primis in faucibus', '절판', '2021-03-06 00:00:00', '2021-09-23 00:00:00'),
	(75, '706294378-9', '여행', 'Zamit', 'Ellen', 'Browsedrive', 100, 10081, 'noimage.png', 'nascetur ridiculus mus etiam vel augue vestibulum rutrum rutrum neque aenean auctor gravida sem praesent id massa id nisl venenatis', '품절', '2021-02-12 00:00:00', '2021-09-23 00:00:00'),
	(76, '961301183-8', '만화', 'Flowdesk', 'Nigel', 'Skalith', 100, 27427, 'noimage.png', 'blandit non interdum in ante vestibulum ante ipsum primis in faucibus orci luctus', '절판', '2021-01-31 00:00:00', '2021-09-23 00:00:00'),
	(77, '277176037-1', '만화', 'Quo Lux', 'Marillin', 'Babbleset', 100, 22656, 'noimage.png', 'semper est quam pharetra magna ac consequat metus sapien ut nunc vestibulum ante ipsum primis in faucibus orci', '절판', '2020-11-12 00:00:00', '2021-09-23 00:00:00'),
	(78, '083373883-6', '경제', 'Zaam-Dox', 'Taylor', 'Eidel', 100, 9985, 'noimage.png', 'blandit lacinia erat vestibulum sed magna at nunc commodo placerat praesent blandit', '구편절판', '2021-05-27 00:00:00', '2021-09-23 00:00:00'),
	(79, '547336686-4', '소설', 'Tempsoft', 'Benjamin', 'Tanoodle', 100, 7959, 'noimage.png', 'justo nec condimentum neque sapien placerat ante nulla justo aliquam quis turpis eget elit sodales scelerisque mauris sit amet', '절판', '2021-06-17 00:00:00', '2021-09-23 00:00:00'),
	(80, '907398881-0', '여행', 'Matsoft', 'Cyrille', 'Youfeed', 100, 12680, 'noimage.png', 'sem fusce consequat nulla nisl nunc nisl duis bibendum felis sed interdum venenatis', '절판', '2021-06-13 00:00:00', '2021-09-23 00:00:00'),
	(81, '873108040-5', '만화', 'Ventosanzap', 'Bail', 'Shufflebeat', 100, 17962, 'noimage.png', 'suspendisse accumsan tortor quis turpis sed ante vivamus tortor duis', '구편절판', '2021-02-19 00:00:00', '2021-09-23 00:00:00'),
	(82, '115018952-5', '소설', 'Holdlamis', 'Rosamund', 'Oyonder', 100, 13146, 'noimage.png', 'lobortis convallis tortor risus dapibus augue vel accumsan tellus nisi', '판매중', '2021-08-01 00:00:00', '2021-09-23 00:00:00'),
	(83, '539612099-1', '경제', 'Andalax', 'Sydelle', 'Skilith', 100, 20754, 'noimage.png', 'ut massa volutpat convallis morbi odio odio elementum eu interdum eu tincidunt in leo maecenas pulvinar lobortis est phasellus', '절판', '2021-09-18 00:00:00', '2021-09-23 00:00:00'),
	(84, '194806417-0', '만화', 'Matsoft', 'Kirstin', 'Skilith', 100, 24340, 'noimage.png', 'odio justo sollicitudin ut suscipit a feugiat et eros vestibulum ac est lacinia nisi venenatis tristique fusce congue diam', '품절', '2021-03-01 00:00:00', '2021-09-23 00:00:00'),
	(85, '875973925-8', '만화', 'Flowdesk', 'Nathanial', 'Rooxo', 100, 13555, 'noimage.png', 'in ante vestibulum ante ipsum primis in faucibus orci luctus et ultrices', '절판', '2021-02-01 00:00:00', '2021-09-23 00:00:00'),
	(86, '857656883-7', '소설', 'Wrapsafe', 'Trish', 'Divanoodle', 100, 5744, 'noimage.png', 'feugiat non pretium quis lectus suspendisse potenti in eleifend quam a odio in', '품절', '2021-05-25 00:00:00', '2021-09-23 00:00:00'),
	(87, '267352891-1', '경제', 'Bytecard', 'Kasey', 'Twinte', 100, 29839, 'noimage.png', 'praesent blandit nam nulla integer pede justo lacinia eget tincidunt eget tempus vel pede morbi porttitor lorem id ligula', '구편절판', '2021-05-13 00:00:00', '2021-09-23 00:00:00'),
	(88, '704597056-0', '경제', 'Asoka', 'Barth', 'Eamia', 100, 13604, 'noimage.png', 'sit amet consectetuer adipiscing elit proin interdum mauris non ligula pellentesque ultrices phasellus', '품절', '2020-11-15 00:00:00', '2021-09-23 00:00:00'),
	(89, '187846049-8', '경제', 'Fintone', 'Crichton', 'InnoZ', 100, 9981, 'noimage.png', 'semper rutrum nulla nunc purus phasellus in felis donec semper sapien a libero nam dui proin leo odio porttitor', '판매중', '2021-04-15 00:00:00', '2021-09-23 00:00:00'),
	(90, '556841221-9', '만화', 'Stronghold', 'Loy', 'Thoughtworks', 100, 16835, 'noimage.png', 'donec odio justo sollicitudin ut suscipit a feugiat et eros vestibulum ac est lacinia nisi venenatis tristique', '품절', '2021-06-29 00:00:00', '2021-09-23 00:00:00'),
	(91, '708729959-X', '외국어', 'Transcof', 'Gerry', 'Shuffletag', 100, 11532, 'noimage.png', 'luctus et ultrices posuere cubilia curae donec pharetra magna vestibulum aliquet ultrices erat tortor sollicitudin mi sit amet', '판매중', '2021-09-08 00:00:00', '2021-09-23 00:00:00'),
	(92, '255715457-1', '경제', 'Fixflex', 'Elane', 'Tekfly', 100, 18119, 'noimage.png', 'id consequat in consequat ut nulla sed accumsan felis ut at dolor quis', '판매중', '2020-10-03 00:00:00', '2021-09-23 00:00:00'),
	(93, '208777837-X', '여행', 'Otcom', 'Bryanty', 'Voonyx', 100, 25610, 'noimage.png', 'sagittis sapien cum sociis natoque penatibus et magnis dis parturient montes nascetur ridiculus mus etiam', '절판', '2020-10-03 00:00:00', '2021-09-23 00:00:00'),
	(94, '034612229-5', '소설', 'Matsoft', 'Alvy', 'Twitterbeat', 100, 20548, 'noimage.png', 'nulla suscipit ligula in lacus curabitur at ipsum ac tellus semper interdum mauris ullamcorper purus', '판매중', '2021-02-11 00:00:00', '2021-09-23 00:00:00'),
	(95, '517965666-4', '여행', 'Greenlam', 'Debora', 'Bluejam', 100, 18352, 'noimage.png', 'in faucibus orci luctus et ultrices posuere cubilia curae donec pharetra magna vestibulum aliquet ultrices erat tortor sollicitudin mi sit', '판매중', '2021-06-26 00:00:00', '2021-09-23 00:00:00'),
	(96, '298049004-0', '여행', 'Vagram', 'Darsie', 'Edgeify', 100, 9558, 'noimage.png', 'tellus in sagittis dui vel nisl duis ac nibh fusce lacus', '품절', '2020-09-25 00:00:00', '2021-09-23 00:00:00'),
	(97, '151416423-X', '외국어', 'Bitwolf', 'Annabel', 'Riffpath', 100, 15494, 'noimage.png', 'venenatis lacinia aenean sit amet justo morbi ut odio cras mi pede malesuada in imperdiet et commodo vulputate justo', '품절', '2020-12-26 00:00:00', '2021-09-23 00:00:00'),
	(98, '898749930-8', '여행', 'Fix San', 'Allis', 'Demimbu', 100, 7934, 'noimage.png', 'non pretium quis lectus suspendisse potenti in eleifend quam a odio in hac habitasse platea dictumst maecenas ut massa', '구편절판', '2021-08-08 00:00:00', '2021-09-23 00:00:00'),
	(99, '779952823-0', '경제', 'Daltfresh', 'Alaric', 'Riffwire', 100, 25826, 'noimage.png', 'nonummy integer non velit donec diam neque vestibulum eget vulputate ut ultrices', '구편절판', '2021-03-11 00:00:00', '2021-09-23 00:00:00'),
	(100, '355730411-6', '여행', 'Temp', 'Marlie', 'Buzzshare', 100, 25809, 'noimage.png', 'in est risus auctor sed tristique in tempus sit amet sem fusce consequat nulla', '절판', '2021-06-14 00:00:00', '2021-09-23 00:00:00'),
	(101, '722952713-9', '경제', 'Otcom', 'Corrie', 'Twitterlist', 100, 5737, 'noimage.png', 'faucibus cursus urna ut tellus nulla ut erat id mauris vulputate elementum nullam', '판매중', '2021-05-07 00:00:00', '2021-09-23 00:00:00'),
	(102, '407879589-7', '소설', 'Voyatouch', 'Shayla', 'Einti', 100, 13817, 'noimage.png', 'nulla ac enim in tempor turpis nec euismod scelerisque quam turpis adipiscing lorem', '구편절판', '2021-04-21 00:00:00', '2021-09-23 00:00:00'),
	(103, '343709939-6', '만화', 'Greenlam', 'Jody', 'Katz', 100, 5474, 'noimage.png', 'diam vitae quam suspendisse potenti nullam porttitor lacus at turpis donec posuere metus vitae ipsum aliquam non', '판매중', '2021-05-23 00:00:00', '2021-09-23 00:00:00'),
	(104, '640365689-9', '소설', 'Tresom', 'Cassy', 'Skiptube', 100, 12866, 'noimage.png', 'volutpat erat quisque erat eros viverra eget congue eget semper rutrum nulla nunc purus phasellus in felis donec semper', '판매중', '2020-10-28 00:00:00', '2021-09-23 00:00:00'),
	(105, '716962842-2', '외국어', 'Redhold', 'Galvin', 'Brightdog', 100, 9909, 'noimage.png', 'rutrum neque aenean auctor gravida sem praesent id massa id nisl venenatis lacinia aenean sit amet justo morbi', '구편절판', '2020-11-30 00:00:00', '2021-09-23 00:00:00'),
	(106, '068294977-9', '여행', 'Span', 'Jillian', 'Fivebridge', 100, 6239, 'noimage.png', 'nunc proin at turpis a pede posuere nonummy integer non velit donec diam neque vestibulum eget vulputate ut', '구편절판', '2020-12-19 00:00:00', '2021-09-23 00:00:00'),
	(107, '483089895-X', '소설', 'Cardguard', 'Rodrigo', 'Skimia', 100, 20297, 'noimage.png', 'dolor quis odio consequat varius integer ac leo pellentesque ultrices mattis odio donec vitae nisi nam ultrices libero', '절판', '2020-11-12 00:00:00', '2021-09-23 00:00:00'),
	(108, '707762723-3', '여행', 'Fintone', 'Ranique', 'Layo', 100, 19258, 'noimage.png', 'ultrices aliquet maecenas leo odio condimentum id luctus nec molestie sed justo pellentesque viverra pede ac diam cras pellentesque volutpat', '구편절판', '2020-11-14 00:00:00', '2021-09-23 00:00:00'),
	(109, '008597482-X', '여행', 'Overhold', 'Trixi', 'Wikibox', 100, 27810, 'noimage.png', 'potenti nullam porttitor lacus at turpis donec posuere metus vitae ipsum aliquam non mauris morbi non lectus aliquam sit', '구편절판', '2021-05-26 00:00:00', '2021-09-23 00:00:00'),
	(110, '997507977-6', '외국어', 'Bigtax', 'Malvina', 'Realbuzz', 100, 17368, 'noimage.png', 'maecenas tincidunt lacus at velit vivamus vel nulla eget eros elementum pellentesque quisque', '절판', '2021-05-23 00:00:00', '2021-09-23 00:00:00'),
	(111, '518985112-5', '여행', 'Job', 'Theda', 'Jayo', 100, 21563, 'noimage.png', 'magna at nunc commodo placerat praesent blandit nam nulla integer pede justo lacinia eget tincidunt eget tempus', '판매중', '2021-04-01 00:00:00', '2021-09-23 00:00:00'),
	(112, '940423736-1', '경제', 'Fixflex', 'Rosemaria', 'Zoombeat', 100, 28019, 'noimage.png', 'est donec odio justo sollicitudin ut suscipit a feugiat et', '절판', '2021-04-30 00:00:00', '2021-09-23 00:00:00'),
	(113, '258174512-6', '외국어', 'Cookley', 'Auria', 'Ailane', 100, 26125, 'noimage.png', 'a odio in hac habitasse platea dictumst maecenas ut massa quis augue luctus tincidunt nulla', '구편절판', '2020-12-10 00:00:00', '2021-09-23 00:00:00'),
	(114, '567401759-X', '소설', 'Vagram', 'Loria', 'Babblestorm', 100, 19929, 'noimage.png', 'orci luctus et ultrices posuere cubilia curae mauris viverra diam vitae quam suspendisse potenti nullam porttitor lacus at', '품절', '2021-01-28 00:00:00', '2021-09-23 00:00:00'),
	(115, '953159392-2', '만화', 'Zoolab', 'Helena', 'Tazz', 100, 12134, 'noimage.png', 'morbi non quam nec dui luctus rutrum nulla tellus in sagittis dui', '판매중', '2021-08-21 00:00:00', '2021-09-23 00:00:00'),
	(116, '832784301-X', '외국어', 'Cardify', 'Sandy', 'Skipstorm', 100, 23758, 'noimage.png', 'mus vivamus vestibulum sagittis sapien cum sociis natoque penatibus et magnis', '구편절판', '2021-08-22 00:00:00', '2021-09-23 00:00:00'),
	(117, '469747678-6', '만화', 'Voyatouch', 'Benita', 'Tagcat', 100, 23776, 'noimage.png', 'montes nascetur ridiculus mus vivamus vestibulum sagittis sapien cum sociis', '판매중', '2021-02-05 00:00:00', '2021-09-23 00:00:00'),
	(118, '001916749-0', '만화', 'Zaam-Dox', 'Allis', 'Cogibox', 100, 14583, 'noimage.png', 'quis tortor id nulla ultrices aliquet maecenas leo odio condimentum', '판매중', '2021-06-11 00:00:00', '2021-09-23 00:00:00'),
	(119, '878105884-5', '경제', 'Tampflex', 'Kass', 'Plambee', 100, 24246, 'noimage.png', 'phasellus in felis donec semper sapien a libero nam dui proin leo', '판매중', '2021-09-16 00:00:00', '2021-09-23 00:00:00'),
	(120, '452009851-3', '소설', 'Zathin', 'Lannie', 'Youopia', 100, 15525, 'noimage.png', 'habitasse platea dictumst aliquam augue quam sollicitudin vitae consectetuer eget rutrum at lorem integer tincidunt', '품절', '2021-05-26 00:00:00', '2021-09-23 00:00:00'),
	(121, '231093173-X', '소설', 'Hatity', 'Jany', 'Edgepulse', 100, 24123, 'noimage.png', 'augue vel accumsan tellus nisi eu orci mauris lacinia sapien', '품절', '2020-10-18 00:00:00', '2021-09-23 00:00:00'),
	(122, '118050807-6', '여행', 'Biodex', 'Malachi', 'Camido', 100, 15586, 'noimage.png', 'porta volutpat erat quisque erat eros viverra eget congue eget semper rutrum nulla nunc purus phasellus in felis', '판매중', '2021-07-09 00:00:00', '2021-09-23 00:00:00'),
	(123, '210319772-0', '만화', 'Domainer', 'Connie', 'Quimm', 100, 20178, 'noimage.png', 'dui vel nisl duis ac nibh fusce lacus purus aliquet at feugiat non pretium quis lectus suspendisse', '절판', '2021-08-21 00:00:00', '2021-09-23 00:00:00'),
	(124, '881565756-8', '소설', 'Bitchip', 'Thaxter', 'Pixonyx', 100, 27767, 'noimage.png', 'sapien cum sociis natoque penatibus et magnis dis parturient montes nascetur ridiculus mus etiam vel augue', '판매중', '2021-03-24 00:00:00', '2021-09-23 00:00:00'),
	(125, '069537346-3', '경제', 'Voltsillam', 'Shelia', 'Fanoodle', 100, 19148, 'noimage.png', 'placerat praesent blandit nam nulla integer pede justo lacinia eget tincidunt eget tempus vel pede', '품절', '2021-05-17 00:00:00', '2021-09-23 00:00:00'),
	(126, '334224185-3', '만화', 'Ventosanzap', 'Ferdy', 'Quatz', 100, 27509, 'noimage.png', 'penatibus et magnis dis parturient montes nascetur ridiculus mus vivamus vestibulum sagittis sapien cum sociis natoque', '절판', '2020-10-27 00:00:00', '2021-09-23 00:00:00'),
	(127, '916212387-4', '외국어', 'Andalax', 'Anett', 'Dabfeed', 100, 20062, 'noimage.png', 'lacus at velit vivamus vel nulla eget eros elementum pellentesque quisque porta volutpat erat quisque erat', '절판', '2021-04-11 00:00:00', '2021-09-23 00:00:00'),
	(128, '965702038-7', '만화', 'Fintone', 'Jay', 'Gabspot', 100, 28646, 'noimage.png', 'quis libero nullam sit amet turpis elementum ligula vehicula consequat morbi', '판매중', '2020-12-25 00:00:00', '2021-09-23 00:00:00'),
	(129, '819565776-1', '만화', 'Tresom', 'Ysabel', 'Zooxo', 100, 21945, 'noimage.png', 'vitae nisl aenean lectus pellentesque eget nunc donec quis orci eget orci vehicula condimentum curabitur in libero ut', '절판', '2021-06-23 00:00:00', '2021-09-23 00:00:00'),
	(130, '133879607-0', '경제', 'Temp', 'Clarance', 'Tagchat', 100, 12969, 'noimage.png', 'nec dui luctus rutrum nulla tellus in sagittis dui vel nisl duis ac nibh fusce lacus', '품절', '2020-11-03 00:00:00', '2021-09-23 00:00:00'),
	(131, '589417832-0', '만화', 'Sonsing', 'Inge', 'Trunyx', 100, 27947, 'noimage.png', 'sagittis dui vel nisl duis ac nibh fusce lacus purus aliquet', '구편절판', '2020-12-15 00:00:00', '2021-09-23 00:00:00'),
	(132, '874579180-5', '외국어', 'Namfix', 'Cosmo', 'Skiba', 100, 22414, 'noimage.png', 'orci luctus et ultrices posuere cubilia curae mauris viverra diam vitae quam suspendisse potenti nullam porttitor lacus', '절판', '2021-05-27 00:00:00', '2021-09-23 00:00:00'),
	(133, '725989225-0', '외국어', 'Matsoft', 'Caye', 'Bluezoom', 100, 29399, 'noimage.png', 'in leo maecenas pulvinar lobortis est phasellus sit amet erat nulla tempus vivamus in', '품절', '2020-12-08 00:00:00', '2021-09-23 00:00:00'),
	(134, '749571534-0', '소설', 'Vagram', 'Marley', 'Brightbean', 100, 25923, 'noimage.png', 'lacinia eget tincidunt eget tempus vel pede morbi porttitor lorem id ligula suspendisse ornare consequat lectus in est risus auctor', '구편절판', '2021-03-10 00:00:00', '2021-09-23 00:00:00'),
	(135, '625679553-9', '소설', 'Rank', 'Adriana', 'Youbridge', 100, 7770, 'noimage.png', 'nisl nunc nisl duis bibendum felis sed interdum venenatis turpis enim blandit', '판매중', '2021-02-12 00:00:00', '2021-09-23 00:00:00'),
	(136, '391121505-3', '만화', 'Solarbreeze', 'Juana', 'Kwilith', 100, 28550, 'noimage.png', 'vel pede morbi porttitor lorem id ligula suspendisse ornare consequat lectus in est risus auctor sed tristique in tempus', '품절', '2021-03-08 00:00:00', '2021-09-23 00:00:00'),
	(137, '162542203-2', '여행', 'Asoka', 'Brigid', 'Gabtune', 100, 9284, 'noimage.png', 'enim leo rhoncus sed vestibulum sit amet cursus id turpis integer aliquet massa id lobortis', '판매중', '2021-05-16 00:00:00', '2021-09-23 00:00:00'),
	(138, '210495898-9', '경제', 'Wrapsafe', 'Geoffrey', 'Omba', 100, 29904, 'noimage.png', 'consequat dui nec nisi volutpat eleifend donec ut dolor morbi vel lectus in quam fringilla rhoncus', '품절', '2021-01-06 00:00:00', '2021-09-23 00:00:00'),
	(139, '654269034-4', '여행', 'It', 'Marika', 'Kimia', 100, 16128, 'noimage.png', 'mauris laoreet ut rhoncus aliquet pulvinar sed nisl nunc rhoncus', '구편절판', '2020-12-30 00:00:00', '2021-09-23 00:00:00'),
	(140, '001764158-6', '여행', 'Mat Lam Tam', 'Arlyn', 'Topdrive', 100, 19424, 'noimage.png', 'suscipit nulla elit ac nulla sed vel enim sit amet nunc viverra dapibus nulla suscipit ligula in', '절판', '2020-12-09 00:00:00', '2021-09-23 00:00:00'),
	(141, '834046351-9', '여행', 'Flowdesk', 'Barbabra', 'Cogilith', 100, 20634, 'noimage.png', 'odio justo sollicitudin ut suscipit a feugiat et eros vestibulum ac est lacinia nisi venenatis tristique', '품절', '2021-02-10 00:00:00', '2021-09-23 00:00:00'),
	(142, '108148267-2', '소설', 'Sonair', 'Nicholle', 'Roomm', 100, 20478, 'noimage.png', 'integer non velit donec diam neque vestibulum eget vulputate ut ultrices vel augue vestibulum ante ipsum primis in', '절판', '2021-04-07 00:00:00', '2021-09-23 00:00:00'),
	(143, '068901424-4', '외국어', 'Biodex', 'Michelina', 'Realblab', 100, 18430, 'noimage.png', 'tempus sit amet sem fusce consequat nulla nisl nunc nisl duis bibendum felis', '구편절판', '2020-10-30 00:00:00', '2021-09-23 00:00:00'),
	(144, '252774513-X', '외국어', 'Hatity', 'Retha', 'Yodoo', 100, 5147, 'noimage.png', 'in congue etiam justo etiam pretium iaculis justo in hac habitasse platea dictumst etiam faucibus cursus', '구편절판', '2021-05-16 00:00:00', '2021-09-23 00:00:00'),
	(145, '895400468-7', '경제', 'Ventosanzap', 'Jania', 'Lazzy', 100, 18449, 'noimage.png', 'aenean sit amet justo morbi ut odio cras mi pede malesuada in', '구편절판', '2021-03-14 00:00:00', '2021-09-23 00:00:00'),
	(146, '264679401-0', '만화', 'Ronstring', 'Anthea', 'Tazz', 100, 10285, 'noimage.png', 'integer ac leo pellentesque ultrices mattis odio donec vitae nisi nam ultrices libero non', '판매중', '2020-09-29 00:00:00', '2021-09-23 00:00:00'),
	(147, '382422297-3', '경제', 'Andalax', 'Quinton', 'Trilia', 100, 13443, 'noimage.png', 'commodo placerat praesent blandit nam nulla integer pede justo lacinia', '구편절판', '2021-07-20 00:00:00', '2021-09-23 00:00:00'),
	(148, '554083516-6', '경제', 'Zamit', 'Ephraim', 'Voonyx', 100, 21757, 'noimage.png', 'maecenas ut massa quis augue luctus tincidunt nulla mollis molestie lorem quisque', '판매중', '2020-11-01 00:00:00', '2021-09-23 00:00:00'),
	(149, '397745622-9', '소설', 'Sonair', 'Dorothee', 'Thoughtworks', 100, 14535, 'noimage.png', 'orci nullam molestie nibh in lectus pellentesque at nulla suspendisse potenti cras in purus', '절판', '2020-12-10 00:00:00', '2021-09-23 00:00:00'),
	(150, '036819077-3', '외국어', 'Quo Lux', 'Rennie', 'Kazio', 100, 15735, 'noimage.png', 'sem praesent id massa id nisl venenatis lacinia aenean sit amet justo morbi ut odio cras mi pede malesuada', '구편절판', '2021-01-22 00:00:00', '2021-09-23 00:00:00'),
	(151, '637063818-8', '소설', 'Namfix', 'Haleigh', 'Twitterbeat', 100, 19705, 'noimage.png', 'metus sapien ut nunc vestibulum ante ipsum primis in faucibus orci luctus et ultrices posuere cubilia curae mauris viverra', '품절', '2021-06-28 00:00:00', '2021-09-23 00:00:00'),
	(152, '639601498-X', '여행', 'Ronstring', 'Joscelin', 'Browsetype', 100, 18980, 'noimage.png', 'volutpat quam pede lobortis ligula sit amet eleifend pede libero quis orci nullam molestie nibh in lectus pellentesque', '구편절판', '2021-02-10 00:00:00', '2021-09-23 00:00:00'),
	(153, '865867889-X', '소설', 'Tin', 'Blake', 'Twitternation', 100, 23591, 'noimage.png', 'risus praesent lectus vestibulum quam sapien varius ut blandit non interdum in ante', '절판', '2020-10-05 00:00:00', '2021-09-23 00:00:00'),
	(154, '879704902-6', '소설', 'Matsoft', 'Nicolle', 'Kaymbo', 100, 8485, 'noimage.png', 'nisl nunc rhoncus dui vel sem sed sagittis nam congue risus semper porta volutpat quam pede lobortis ligula sit amet', '품절', '2021-01-12 00:00:00', '2021-09-23 00:00:00'),
	(155, '883963268-9', '만화', 'Konklab', 'Antoni', 'Youspan', 100, 21627, 'noimage.png', 'accumsan odio curabitur convallis duis consequat dui nec nisi volutpat eleifend donec ut dolor', '판매중', '2021-01-05 00:00:00', '2021-09-23 00:00:00'),
	(156, '548532608-0', '외국어', 'Stronghold', 'Ann', 'Yakijo', 100, 14349, 'noimage.png', 'suspendisse ornare consequat lectus in est risus auctor sed tristique in tempus sit amet', '판매중', '2021-04-23 00:00:00', '2021-09-23 00:00:00'),
	(157, '050330805-6', '경제', 'Viva', 'Pier', 'Feedspan', 100, 12778, 'noimage.png', 'malesuada in imperdiet et commodo vulputate justo in blandit ultrices enim lorem ipsum dolor sit amet consectetuer adipiscing elit', '구편절판', '2020-11-22 00:00:00', '2021-09-23 00:00:00'),
	(158, '870402919-4', '여행', 'Voltsillam', 'Rosalia', 'Divape', 100, 10462, 'noimage.png', 'nulla facilisi cras non velit nec nisi vulputate nonummy maecenas tincidunt lacus at velit vivamus', '절판', '2021-08-29 00:00:00', '2021-09-23 00:00:00'),
	(159, '837379244-9', '외국어', 'Sonair', 'Bonnee', 'Mynte', 100, 22323, 'noimage.png', 'eget eros elementum pellentesque quisque porta volutpat erat quisque erat eros viverra eget congue eget semper rutrum', '판매중', '2021-05-25 00:00:00', '2021-09-23 00:00:00'),
	(160, '053884809-X', '외국어', 'Vagram', 'Winthrop', 'Einti', 100, 9399, 'noimage.png', 'luctus cum sociis natoque penatibus et magnis dis parturient montes nascetur ridiculus mus vivamus vestibulum', '판매중', '2021-09-19 00:00:00', '2021-09-23 00:00:00'),
	(161, '420243459-5', '외국어', 'Opela', 'Cynde', 'Blogtag', 100, 28317, 'noimage.png', 'mattis odio donec vitae nisi nam ultrices libero non mattis pulvinar nulla pede ullamcorper augue a suscipit', '구편절판', '2021-04-26 00:00:00', '2021-09-23 00:00:00'),
	(162, '244675139-3', '경제', 'Alphazap', 'Dian', 'Realfire', 100, 8212, 'noimage.png', 'quam pede lobortis ligula sit amet eleifend pede libero quis orci nullam molestie nibh in lectus pellentesque at nulla', '절판', '2021-05-22 00:00:00', '2021-09-23 00:00:00'),
	(163, '440979078-1', '외국어', 'Zontrax', 'Jillian', 'Zava', 100, 12177, 'noimage.png', 'phasellus in felis donec semper sapien a libero nam dui proin leo odio porttitor id', '절판', '2021-01-30 00:00:00', '2021-09-23 00:00:00'),
	(164, '638032484-4', '외국어', 'Bitchip', 'Suzann', 'Dynabox', 100, 25427, 'noimage.png', 'eu massa donec dapibus duis at velit eu est congue elementum in hac', '절판', '2020-12-11 00:00:00', '2021-09-23 00:00:00'),
	(165, '851170949-5', '외국어', 'Lotlux', 'Gray', 'Kwideo', 100, 15125, 'noimage.png', 'posuere cubilia curae donec pharetra magna vestibulum aliquet ultrices erat tortor sollicitudin mi', '품절', '2021-01-07 00:00:00', '2021-09-23 00:00:00'),
	(166, '829442004-2', '경제', 'Gembucket', 'Elisabet', 'Realpoint', 100, 20764, 'noimage.png', 'pellentesque at nulla suspendisse potenti cras in purus eu magna vulputate luctus cum sociis natoque penatibus et', '구편절판', '2021-08-05 00:00:00', '2021-09-23 00:00:00'),
	(167, '308092556-4', '여행', 'Zontrax', 'Rochette', 'Eayo', 100, 27479, 'noimage.png', 'pellentesque viverra pede ac diam cras pellentesque volutpat dui maecenas tristique est et tempus semper est quam pharetra magna', '판매중', '2021-02-02 00:00:00', '2021-09-23 00:00:00'),
	(168, '415111611-7', '외국어', 'Zathin', 'Melitta', 'Meevee', 100, 5911, 'noimage.png', 'congue diam id ornare imperdiet sapien urna pretium nisl ut volutpat sapien arcu sed augue aliquam erat volutpat in congue', '판매중', '2020-09-30 00:00:00', '2021-09-23 00:00:00'),
	(169, '547303406-3', '여행', 'Voltsillam', 'Reg', 'Gigabox', 100, 26664, 'noimage.png', 'varius nulla facilisi cras non velit nec nisi vulputate nonummy maecenas tincidunt lacus at', '판매중', '2020-11-30 00:00:00', '2021-09-23 00:00:00'),
	(170, '865911347-0', '만화', 'Tresom', 'Fonsie', 'Realpoint', 100, 25963, 'noimage.png', 'eget vulputate ut ultrices vel augue vestibulum ante ipsum primis in faucibus', '절판', '2021-06-13 00:00:00', '2021-09-23 00:00:00'),
	(171, '559641980-X', '만화', 'Matsoft', 'Evangelina', 'Zoonder', 100, 5486, 'noimage.png', 'duis consequat dui nec nisi volutpat eleifend donec ut dolor morbi vel', '판매중', '2021-05-10 00:00:00', '2021-09-23 00:00:00'),
	(172, '820666837-3', '소설', 'Matsoft', 'Lorenzo', 'Camimbo', 100, 25829, 'noimage.png', 'nunc nisl duis bibendum felis sed interdum venenatis turpis enim blandit mi in', '품절', '2021-04-22 00:00:00', '2021-09-23 00:00:00'),
	(173, '808893339-0', '만화', 'Bigtax', 'Halli', 'Twinte', 100, 29732, 'noimage.png', 'et ultrices posuere cubilia curae mauris viverra diam vitae quam suspendisse', '구편절판', '2021-03-06 00:00:00', '2021-09-23 00:00:00'),
	(174, '886452780-X', '여행', 'Cardguard', 'Otto', 'Flipstorm', 100, 28120, 'noimage.png', 'fusce consequat nulla nisl nunc nisl duis bibendum felis sed interdum venenatis turpis enim blandit mi in porttitor pede justo', '절판', '2021-04-12 00:00:00', '2021-09-23 00:00:00'),
	(175, '530823794-8', '여행', 'Stim', 'Hailee', 'Vinder', 100, 9059, 'noimage.png', 'in purus eu magna vulputate luctus cum sociis natoque penatibus et magnis dis parturient montes nascetur ridiculus mus vivamus vestibulum', '절판', '2020-09-27 00:00:00', '2021-09-23 00:00:00'),
	(176, '680405017-7', '여행', 'It', 'Billi', 'Gigaclub', 100, 9964, 'noimage.png', 'nibh in quis justo maecenas rhoncus aliquam lacus morbi quis tortor id nulla ultrices aliquet', '판매중', '2020-11-04 00:00:00', '2021-09-23 00:00:00'),
	(177, '108723793-9', '외국어', 'Namfix', 'Germain', 'Trupe', 100, 17380, 'noimage.png', 'nunc viverra dapibus nulla suscipit ligula in lacus curabitur at ipsum ac tellus semper interdum mauris ullamcorper purus sit', '판매중', '2021-04-06 00:00:00', '2021-09-23 00:00:00'),
	(178, '542698572-3', '외국어', 'Stringtough', 'Eliza', 'Kaymbo', 100, 25622, 'noimage.png', 'cum sociis natoque penatibus et magnis dis parturient montes nascetur ridiculus mus etiam vel', '판매중', '2021-08-23 00:00:00', '2021-09-23 00:00:00'),
	(179, '142217486-7', '만화', 'Overhold', 'Maren', 'Trudeo', 100, 15951, 'noimage.png', 'sagittis nam congue risus semper porta volutpat quam pede lobortis', '품절', '2021-09-08 00:00:00', '2021-09-23 00:00:00'),
	(180, '107067072-3', '여행', 'Bamity', 'Marcela', 'Quimm', 100, 23265, 'noimage.png', 'aliquam augue quam sollicitudin vitae consectetuer eget rutrum at lorem integer', '구편절판', '2021-02-13 00:00:00', '2021-09-23 00:00:00'),
	(181, '234354152-3', '경제', 'Matsoft', 'Laurene', 'Quinu', 100, 5620, 'noimage.png', 'lacus purus aliquet at feugiat non pretium quis lectus suspendisse potenti in eleifend quam a odio', '절판', '2020-12-03 00:00:00', '2021-09-23 00:00:00'),
	(182, '274707170-7', '소설', 'Aerified', 'Maris', 'Brainlounge', 100, 6833, 'noimage.png', 'ut rhoncus aliquet pulvinar sed nisl nunc rhoncus dui vel sem sed sagittis nam', '구편절판', '2021-03-04 00:00:00', '2021-09-23 00:00:00'),
	(183, '309563408-0', '여행', 'Lotstring', 'Norah', 'Jabbersphere', 100, 26875, 'noimage.png', 'interdum mauris non ligula pellentesque ultrices phasellus id sapien in sapien iaculis', '판매중', '2021-03-27 00:00:00', '2021-09-23 00:00:00'),
	(184, '272270552-4', '외국어', 'Trippledex', 'Bertina', 'DabZ', 100, 13517, 'noimage.png', 'lorem ipsum dolor sit amet consectetuer adipiscing elit proin interdum mauris non ligula pellentesque ultrices phasellus id sapien in sapien', '판매중', '2021-04-03 00:00:00', '2021-09-23 00:00:00'),
	(185, '064817715-7', '외국어', 'Lotlux', 'Elysia', 'Shufflester', 100, 19988, 'noimage.png', 'morbi a ipsum integer a nibh in quis justo maecenas rhoncus aliquam lacus morbi quis', '구편절판', '2021-06-27 00:00:00', '2021-09-23 00:00:00'),
	(186, '733410769-1', '경제', 'Asoka', 'Merrielle', 'Fanoodle', 100, 27453, 'noimage.png', 'mauris viverra diam vitae quam suspendisse potenti nullam porttitor lacus at turpis donec posuere metus vitae ipsum aliquam non mauris', '구편절판', '2021-01-24 00:00:00', '2021-09-23 00:00:00'),
	(187, '026449494-6', '외국어', 'Home Ing', 'Floria', 'Yakitri', 100, 10570, 'noimage.png', 'dis parturient montes nascetur ridiculus mus vivamus vestibulum sagittis sapien cum sociis natoque penatibus', '구편절판', '2020-09-25 00:00:00', '2021-09-23 00:00:00'),
	(188, '905041434-6', '만화', 'Bamity', 'Edwina', 'Aimbu', 100, 26865, 'noimage.png', 'elit sodales scelerisque mauris sit amet eros suspendisse accumsan tortor', '절판', '2021-08-06 00:00:00', '2021-09-23 00:00:00'),
	(189, '350496890-7', '소설', 'Fixflex', 'Frederique', 'Yata', 100, 20281, 'noimage.png', 'quam nec dui luctus rutrum nulla tellus in sagittis dui vel nisl duis ac nibh fusce lacus purus', '판매중', '2020-11-24 00:00:00', '2021-09-23 00:00:00'),
	(190, '046148108-1', '여행', 'Regrant', 'Edithe', 'Fadeo', 100, 24110, 'noimage.png', 'praesent blandit lacinia erat vestibulum sed magna at nunc commodo placerat praesent blandit nam nulla', '판매중', '2021-04-26 00:00:00', '2021-09-23 00:00:00'),
	(191, '001607472-6', '외국어', 'Trippledex', 'Harper', 'Photojam', 100, 19047, 'noimage.png', 'hac habitasse platea dictumst etiam faucibus cursus urna ut tellus', '판매중', '2021-08-03 00:00:00', '2021-09-23 00:00:00'),
	(192, '249208523-6', '소설', 'Span', 'Kassie', 'Twitterbridge', 100, 17398, 'noimage.png', 'posuere cubilia curae donec pharetra magna vestibulum aliquet ultrices erat tortor sollicitudin mi sit amet lobortis sapien', '절판', '2020-12-29 00:00:00', '2021-09-23 00:00:00'),
	(193, '190124120-3', '여행', 'Tres-Zap', 'Norris', 'Buzzdog', 100, 13738, 'noimage.png', 'potenti nullam porttitor lacus at turpis donec posuere metus vitae ipsum', '절판', '2021-01-09 00:00:00', '2021-09-23 00:00:00'),
	(194, '784951525-0', '외국어', 'Bamity', 'Lewiss', 'Meembee', 100, 27391, 'noimage.png', 'nulla mollis molestie lorem quisque ut erat curabitur gravida nisi', '절판', '2021-07-26 00:00:00', '2021-09-23 00:00:00'),
	(195, '289648839-1', '만화', 'Pannier', 'Darsie', 'Zoovu', 100, 9482, 'noimage.png', 'diam id ornare imperdiet sapien urna pretium nisl ut volutpat sapien arcu sed augue aliquam erat', '구편절판', '2021-08-25 00:00:00', '2021-09-23 00:00:00'),
	(196, '430993771-3', '소설', 'Holdlamis', 'Borden', 'Podcat', 100, 6047, 'noimage.png', 'est risus auctor sed tristique in tempus sit amet sem fusce consequat nulla', '품절', '2021-06-27 00:00:00', '2021-09-23 00:00:00'),
	(197, '660735220-0', '소설', 'Kanlam', 'Ambros', 'Myworks', 100, 18926, 'noimage.png', 'sapien non mi integer ac neque duis bibendum morbi non quam nec dui luctus rutrum', '판매중', '2020-10-16 00:00:00', '2021-09-23 00:00:00'),
	(198, '899823734-2', '소설', 'Daltfresh', 'Inger', 'Trunyx', 100, 24036, 'noimage.png', 'venenatis non sodales sed tincidunt eu felis fusce posuere felis sed lacus morbi sem mauris laoreet', '구편절판', '2021-01-19 00:00:00', '2021-09-23 00:00:00'),
	(199, '246009777-8', '만화', 'Ventosanzap', 'Corabelle', 'Divanoodle', 100, 26535, 'noimage.png', 'leo pellentesque ultrices mattis odio donec vitae nisi nam ultrices libero non mattis pulvinar nulla pede ullamcorper augue a suscipit', '절판', '2021-08-21 00:00:00', '2021-09-23 00:00:00'),
	(200, '747850885-5', '경제', 'Bytecard', 'Sharia', 'Dynabox', 100, 20900, 'noimage.png', 'quis justo maecenas rhoncus aliquam lacus morbi quis tortor id', '절판', '2021-05-19 00:00:00', '2021-09-23 00:00:00'),
	(201, '793816560-3', '여행', 'Aerified', 'Valdemar', 'Livepath', 100, 17682, 'noimage.png', 'morbi ut odio cras mi pede malesuada in imperdiet et commodo vulputate justo in blandit', '품절', '2021-03-28 00:00:00', '2021-09-23 00:00:00'),
	(202, '905504892-5', '외국어', 'Viva', 'Thia', 'Layo', 100, 16886, 'noimage.png', 'rhoncus sed vestibulum sit amet cursus id turpis integer aliquet massa id lobortis convallis tortor risus dapibus augue vel accumsan', '절판', '2020-11-16 00:00:00', '2021-09-23 00:00:00'),
	(203, '993833180-7', '만화', 'Bitwolf', 'Katya', 'Fliptune', 100, 14972, 'noimage.png', 'dictumst morbi vestibulum velit id pretium iaculis diam erat fermentum justo nec condimentum neque sapien placerat ante nulla justo', '구편절판', '2021-06-22 00:00:00', '2021-09-23 00:00:00'),
	(204, '588934911-2', '만화', 'Lotlux', 'Tito', 'Midel', 100, 14926, 'noimage.png', 'tristique est et tempus semper est quam pharetra magna ac consequat metus sapien ut', '판매중', '2021-01-01 00:00:00', '2021-09-23 00:00:00'),
	(205, '865021819-9', '외국어', 'Rank', 'Ulrike', 'Gabspot', 100, 21550, 'noimage.png', 'diam erat fermentum justo nec condimentum neque sapien placerat ante nulla justo aliquam quis turpis eget elit sodales scelerisque mauris', '판매중', '2020-10-30 00:00:00', '2021-09-23 00:00:00'),
	(206, '521447970-0', '외국어', 'Bigtax', 'Danita', 'Linkbridge', 100, 26805, 'noimage.png', 'vulputate elementum nullam varius nulla facilisi cras non velit nec nisi', '구편절판', '2021-02-13 00:00:00', '2021-09-23 00:00:00'),
	(207, '460178104-3', '경제', 'Span', 'Sibyl', 'Vitz', 100, 20441, 'noimage.png', 'maecenas rhoncus aliquam lacus morbi quis tortor id nulla ultrices aliquet maecenas leo odio condimentum id luctus nec molestie', '절판', '2020-09-23 00:00:00', '2021-09-23 00:00:00'),
	(208, '452095554-8', '외국어', 'Konklab', 'Marijo', 'Skipfire', 100, 9231, 'noimage.png', 'posuere cubilia curae duis faucibus accumsan odio curabitur convallis duis consequat dui nec nisi', '구편절판', '2021-01-03 00:00:00', '2021-09-23 00:00:00'),
	(209, '515769352-4', '소설', 'Y-Solowarm', 'Lilah', 'Livetube', 100, 20728, 'noimage.png', 'curae mauris viverra diam vitae quam suspendisse potenti nullam porttitor lacus at turpis', '구편절판', '2021-04-29 00:00:00', '2021-09-23 00:00:00'),
	(210, '311691107-X', '만화', 'Keylex', 'Bambi', 'Zoovu', 100, 23588, 'noimage.png', 'vivamus in felis eu sapien cursus vestibulum proin eu mi nulla ac enim in tempor turpis nec euismod', '구편절판', '2020-12-18 00:00:00', '2021-09-23 00:00:00'),
	(211, '932741355-5', '여행', 'Trippledex', 'Astra', 'Innotype', 100, 18965, 'noimage.png', 'eu felis fusce posuere felis sed lacus morbi sem mauris', '품절', '2020-11-03 00:00:00', '2021-09-23 00:00:00'),
	(212, '851160656-4', '외국어', 'Prodder', 'Tedman', 'Edgeclub', 100, 27506, 'noimage.png', 'congue etiam justo etiam pretium iaculis justo in hac habitasse', '절판', '2020-09-29 00:00:00', '2021-09-23 00:00:00'),
	(213, '608463098-7', '소설', 'Home Ing', 'Baily', 'Dabvine', 100, 23834, 'noimage.png', 'ultrices posuere cubilia curae nulla dapibus dolor vel est donec odio justo sollicitudin ut suscipit a feugiat et eros vestibulum', '절판', '2021-03-19 00:00:00', '2021-09-23 00:00:00'),
	(214, '716468356-5', '여행', 'Lotlux', 'Rori', 'Yamia', 100, 27886, 'noimage.png', 'odio odio elementum eu interdum eu tincidunt in leo maecenas pulvinar', '판매중', '2021-02-12 00:00:00', '2021-09-23 00:00:00'),
	(215, '728235551-7', '경제', 'Cookley', 'Zorine', 'Lajo', 100, 26374, 'noimage.png', 'consequat metus sapien ut nunc vestibulum ante ipsum primis in faucibus orci luctus et ultrices posuere cubilia curae mauris', '품절', '2021-02-22 00:00:00', '2021-09-23 00:00:00'),
	(216, '419054802-2', '만화', 'Stronghold', 'Shepherd', 'Trunyx', 100, 19904, 'noimage.png', 'sagittis dui vel nisl duis ac nibh fusce lacus purus aliquet at feugiat non pretium quis lectus suspendisse potenti', '구편절판', '2020-12-01 00:00:00', '2021-09-23 00:00:00'),
	(217, '488392117-4', '소설', 'Bitwolf', 'Hamlen', 'Feedfish', 100, 26102, 'noimage.png', 'lacus at turpis donec posuere metus vitae ipsum aliquam non mauris morbi non lectus aliquam sit amet diam in', '절판', '2021-01-16 00:00:00', '2021-09-23 00:00:00'),
	(218, '743036025-4', '경제', 'Voyatouch', 'Archibold', 'Eadel', 100, 18621, 'noimage.png', 'vestibulum sed magna at nunc commodo placerat praesent blandit nam nulla integer', '품절', '2021-03-08 00:00:00', '2021-09-23 00:00:00'),
	(219, '341019366-9', '외국어', 'Lotlux', 'Natalina', 'Skyba', 100, 26623, 'noimage.png', 'nunc commodo placerat praesent blandit nam nulla integer pede justo lacinia eget tincidunt eget tempus vel', '구편절판', '2021-05-20 00:00:00', '2021-09-23 00:00:00'),
	(220, '063295018-8', '외국어', 'Lotlux', 'Ellette', 'Tagtune', 100, 19693, 'noimage.png', 'scelerisque quam turpis adipiscing lorem vitae mattis nibh ligula nec sem duis', '구편절판', '2021-04-30 00:00:00', '2021-09-23 00:00:00'),
	(221, '033262045-X', '외국어', 'Kanlam', 'Maria', 'Fanoodle', 100, 5725, 'noimage.png', 'iaculis congue vivamus metus arcu adipiscing molestie hendrerit at vulputate vitae nisl aenean lectus pellentesque eget nunc', '판매중', '2021-01-02 00:00:00', '2021-09-23 00:00:00'),
	(222, '596124364-8', '만화', 'Rank', 'Kelli', 'Jabbersphere', 100, 24634, 'noimage.png', 'dapibus augue vel accumsan tellus nisi eu orci mauris lacinia sapien quis libero nullam sit amet turpis elementum', '절판', '2021-01-02 00:00:00', '2021-09-23 00:00:00'),
	(223, '281211698-6', '여행', 'Ronstring', 'Alexa', 'Bubbletube', 100, 19353, 'noimage.png', 'amet eros suspendisse accumsan tortor quis turpis sed ante vivamus', '판매중', '2021-08-17 00:00:00', '2021-09-23 00:00:00'),
	(224, '456294407-2', '소설', 'Sonair', 'Maribeth', 'Blogspan', 100, 24033, 'noimage.png', 'malesuada in imperdiet et commodo vulputate justo in blandit ultrices enim lorem ipsum dolor sit', '절판', '2020-11-11 00:00:00', '2021-09-23 00:00:00'),
	(225, '510718007-8', '외국어', 'Viva', 'Nial', 'Thoughtstorm', 100, 8701, 'noimage.png', 'mauris sit amet eros suspendisse accumsan tortor quis turpis sed ante vivamus tortor duis', '구편절판', '2021-05-30 00:00:00', '2021-09-23 00:00:00'),
	(226, '025699456-0', '여행', 'Latlux', 'Kimberley', 'Meedoo', 100, 22797, 'noimage.png', 'amet eros suspendisse accumsan tortor quis turpis sed ante vivamus tortor duis mattis egestas metus aenean fermentum', '품절', '2020-09-26 00:00:00', '2021-09-23 00:00:00'),
	(227, '949259006-9', '만화', 'Zontrax', 'Winfield', 'Abata', 100, 9564, 'noimage.png', 'purus sit amet nulla quisque arcu libero rutrum ac lobortis vel dapibus at diam nam tristique tortor eu pede', '절판', '2020-09-28 00:00:00', '2021-09-23 00:00:00'),
	(228, '293769140-4', '경제', 'Prodder', 'Rayner', 'Mynte', 100, 26295, 'noimage.png', 'et ultrices posuere cubilia curae donec pharetra magna vestibulum aliquet', '판매중', '2021-03-24 00:00:00', '2021-09-23 00:00:00'),
	(229, '667346401-1', '경제', 'Kanlam', 'Isa', 'Tazzy', 100, 26099, 'noimage.png', 'sagittis dui vel nisl duis ac nibh fusce lacus purus aliquet at feugiat non pretium quis lectus suspendisse potenti in', '구편절판', '2021-01-20 00:00:00', '2021-09-23 00:00:00'),
	(230, '850791203-6', '여행', 'Kanlam', 'Tedmund', 'Yodo', 100, 18806, 'noimage.png', 'maecenas rhoncus aliquam lacus morbi quis tortor id nulla ultrices aliquet maecenas leo odio', '구편절판', '2021-02-24 00:00:00', '2021-09-23 00:00:00'),
	(231, '531008486-X', '외국어', 'Rank', 'Madison', 'Innotype', 100, 21989, 'noimage.png', 'eget eros elementum pellentesque quisque porta volutpat erat quisque erat eros viverra eget congue eget semper rutrum nulla', '절판', '2020-11-26 00:00:00', '2021-09-23 00:00:00'),
	(232, '197120903-1', '여행', 'Duobam', 'Rockie', 'Centimia', 100, 20558, 'noimage.png', 'cras mi pede malesuada in imperdiet et commodo vulputate justo', '구편절판', '2020-12-30 00:00:00', '2021-09-23 00:00:00'),
	(233, '081708907-1', '소설', 'Zathin', 'Jacklyn', 'Quamba', 100, 21075, 'noimage.png', 'a odio in hac habitasse platea dictumst maecenas ut massa quis augue luctus', '품절', '2021-04-06 00:00:00', '2021-09-23 00:00:00'),
	(234, '512819523-6', '경제', 'Andalax', 'Florina', 'Mynte', 100, 14895, 'noimage.png', 'phasellus sit amet erat nulla tempus vivamus in felis eu sapien cursus', '절판', '2021-02-24 00:00:00', '2021-09-23 00:00:00'),
	(235, '619686720-2', '여행', 'Fixflex', 'Twyla', 'Wikido', 100, 14139, 'noimage.png', 'sapien ut nunc vestibulum ante ipsum primis in faucibus orci luctus et ultrices posuere cubilia curae mauris viverra diam', '판매중', '2021-04-22 00:00:00', '2021-09-23 00:00:00'),
	(236, '847500572-1', '경제', 'Mat Lam Tam', 'Marietta', 'Snaptags', 100, 28335, 'noimage.png', 'etiam faucibus cursus urna ut tellus nulla ut erat id mauris vulputate elementum nullam varius nulla facilisi cras', '구편절판', '2021-06-06 00:00:00', '2021-09-23 00:00:00'),
	(237, '058485752-7', '만화', 'Stronghold', 'Crissie', 'Roombo', 100, 13629, 'noimage.png', 'mauris ullamcorper purus sit amet nulla quisque arcu libero rutrum ac lobortis vel dapibus at diam nam tristique tortor eu', '구편절판', '2021-05-03 00:00:00', '2021-09-23 00:00:00'),
	(238, '331772500-1', '만화', 'Domainer', 'Cal', 'Digitube', 100, 19675, 'noimage.png', 'ac nibh fusce lacus purus aliquet at feugiat non pretium quis lectus suspendisse potenti in eleifend quam a odio in', '품절', '2021-04-02 00:00:00', '2021-09-23 00:00:00'),
	(239, '806451431-2', '외국어', 'Zontrax', 'Nadean', 'Dynava', 100, 25055, 'noimage.png', 'auctor sed tristique in tempus sit amet sem fusce consequat nulla nisl nunc nisl duis bibendum felis', '품절', '2021-01-22 00:00:00', '2021-09-23 00:00:00'),
	(240, '473777850-8', '경제', 'Keylex', 'Blinni', 'Dynava', 100, 28944, 'noimage.png', 'bibendum felis sed interdum venenatis turpis enim blandit mi in porttitor pede justo eu massa donec dapibus duis at', '절판', '2020-10-25 00:00:00', '2021-09-23 00:00:00'),
	(241, '428847861-8', '외국어', 'Flowdesk', 'Susann', 'Realbridge', 100, 22163, 'noimage.png', 'pharetra magna ac consequat metus sapien ut nunc vestibulum ante ipsum primis', '절판', '2021-04-19 00:00:00', '2021-09-23 00:00:00'),
	(242, '678053818-3', '소설', 'Solarbreeze', 'Debbi', 'Einti', 100, 10330, 'noimage.png', 'viverra pede ac diam cras pellentesque volutpat dui maecenas tristique est et tempus semper', '판매중', '2021-04-13 00:00:00', '2021-09-23 00:00:00'),
	(243, '709287754-7', '여행', 'Toughjoyfax', 'Percival', 'Yakitri', 100, 15190, 'noimage.png', 'praesent lectus vestibulum quam sapien varius ut blandit non interdum in ante vestibulum ante ipsum primis in', '절판', '2021-03-13 00:00:00', '2021-09-23 00:00:00'),
	(244, '267606941-1', '외국어', 'Asoka', 'Sybil', 'Yacero', 100, 18337, 'noimage.png', 'felis sed interdum venenatis turpis enim blandit mi in porttitor pede justo eu massa donec dapibus', '품절', '2020-12-19 00:00:00', '2021-09-23 00:00:00'),
	(245, '497650835-8', '외국어', 'Overhold', 'Husain', 'Voomm', 100, 15728, 'noimage.png', 'in sapien iaculis congue vivamus metus arcu adipiscing molestie hendrerit at vulputate vitae', '판매중', '2020-12-21 00:00:00', '2021-09-23 00:00:00'),
	(246, '336395447-6', '여행', 'Rank', 'Angy', 'Kayveo', 100, 25005, 'noimage.png', 'pellentesque ultrices mattis odio donec vitae nisi nam ultrices libero non mattis pulvinar nulla pede ullamcorper augue', '절판', '2020-11-17 00:00:00', '2021-09-23 00:00:00'),
	(247, '004906332-4', '외국어', 'Tres-Zap', 'Mabelle', 'Izio', 100, 25963, 'noimage.png', 'vivamus tortor duis mattis egestas metus aenean fermentum donec ut mauris eget massa tempor convallis nulla neque libero convallis', '구편절판', '2021-09-04 00:00:00', '2021-09-23 00:00:00'),
	(248, '788268442-2', '소설', 'Zoolab', 'Binny', 'Blogpad', 100, 27238, 'noimage.png', 'ornare consequat lectus in est risus auctor sed tristique in', '구편절판', '2021-01-09 00:00:00', '2021-09-23 00:00:00'),
	(249, '777542342-0', '외국어', 'Sonsing', 'Lotte', 'Rooxo', 100, 20673, 'noimage.png', 'enim lorem ipsum dolor sit amet consectetuer adipiscing elit proin interdum mauris non ligula pellentesque ultrices', '구편절판', '2020-11-13 00:00:00', '2021-09-23 00:00:00'),
	(250, '763801127-9', '외국어', 'Flowdesk', 'Enrico', 'Gabvine', 100, 12616, 'noimage.png', 'lectus pellentesque eget nunc donec quis orci eget orci vehicula', '절판', '2020-10-26 00:00:00', '2021-09-23 00:00:00'),
	(251, '991891948-5', '만화', 'Cardify', 'Obed', 'Ooba', 100, 18781, 'noimage.png', 'dui luctus rutrum nulla tellus in sagittis dui vel nisl duis ac nibh fusce lacus purus', '판매중', '2021-08-18 00:00:00', '2021-09-23 00:00:00'),
	(252, '900414797-7', '외국어', 'Bytecard', 'Loise', 'Photospace', 100, 18281, 'noimage.png', 'sem sed sagittis nam congue risus semper porta volutpat quam', '판매중', '2021-08-27 00:00:00', '2021-09-23 00:00:00'),
	(253, '938136525-3', '여행', 'Matsoft', 'Selma', 'Twitternation', 100, 26201, 'noimage.png', 'ut volutpat sapien arcu sed augue aliquam erat volutpat in congue etiam', '구편절판', '2020-11-03 00:00:00', '2021-09-23 00:00:00'),
	(254, '344462104-3', '여행', 'Zaam-Dox', 'Raf', 'Dynazzy', 100, 23709, 'noimage.png', 'amet sapien dignissim vestibulum vestibulum ante ipsum primis in faucibus orci luctus et ultrices posuere cubilia curae nulla', '판매중', '2020-12-24 00:00:00', '2021-09-23 00:00:00'),
	(255, '629668662-5', '경제', 'Opela', 'Moyra', 'Jatri', 100, 6626, 'noimage.png', 'ut nunc vestibulum ante ipsum primis in faucibus orci luctus et ultrices posuere cubilia curae mauris viverra', '구편절판', '2020-12-01 00:00:00', '2021-09-23 00:00:00'),
	(256, '284422454-7', '외국어', 'Konklux', 'Stuart', 'Skyvu', 100, 13462, 'noimage.png', 'risus auctor sed tristique in tempus sit amet sem fusce consequat', '구편절판', '2021-01-14 00:00:00', '2021-09-23 00:00:00'),
	(257, '724611332-0', '여행', 'Rank', 'Ferdie', 'Oyondu', 100, 12992, 'noimage.png', 'donec ut mauris eget massa tempor convallis nulla neque libero convallis eget eleifend luctus ultricies eu nibh quisque id', '품절', '2021-04-14 00:00:00', '2021-09-23 00:00:00'),
	(258, '957906314-1', '소설', 'Stringtough', 'Lanni', 'Demizz', 100, 6895, 'noimage.png', 'vestibulum ac est lacinia nisi venenatis tristique fusce congue diam id ornare imperdiet sapien urna pretium nisl ut volutpat sapien', '판매중', '2021-06-04 00:00:00', '2021-09-23 00:00:00'),
	(259, '603620111-7', '경제', 'Fix San', 'Jerrold', 'Blognation', 100, 23230, 'noimage.png', 'in sapien iaculis congue vivamus metus arcu adipiscing molestie hendrerit at vulputate vitae', '절판', '2021-04-30 00:00:00', '2021-09-23 00:00:00'),
	(260, '606568540-2', '소설', 'Zaam-Dox', 'Gonzales', 'Bubblebox', 100, 15047, 'noimage.png', 'ut tellus nulla ut erat id mauris vulputate elementum nullam varius nulla facilisi cras', '품절', '2021-04-02 00:00:00', '2021-09-23 00:00:00'),
	(261, '552638768-2', '외국어', 'Viva', 'Donnamarie', 'Mita', 100, 25146, 'noimage.png', 'mauris viverra diam vitae quam suspendisse potenti nullam porttitor lacus at turpis donec posuere metus vitae ipsum aliquam non', '품절', '2021-05-18 00:00:00', '2021-09-23 00:00:00'),
	(262, '243387806-3', '경제', 'Span', 'Olivia', 'Fadeo', 100, 16799, 'noimage.png', 'magna bibendum imperdiet nullam orci pede venenatis non sodales sed tincidunt eu felis fusce posuere felis sed lacus', '절판', '2021-07-03 00:00:00', '2021-09-23 00:00:00'),
	(263, '311042598-X', '외국어', 'Hatity', 'Richardo', 'Katz', 100, 24259, 'noimage.png', 'auctor gravida sem praesent id massa id nisl venenatis lacinia', '절판', '2020-11-15 00:00:00', '2021-09-23 00:00:00'),
	(264, '065446378-6', '소설', 'Fixflex', 'Karlotta', 'Voonte', 100, 22820, 'noimage.png', 'elementum nullam varius nulla facilisi cras non velit nec nisi vulputate nonummy maecenas tincidunt lacus', '구편절판', '2021-05-05 00:00:00', '2021-09-23 00:00:00'),
	(265, '113932842-5', '여행', 'Fintone', 'Pearl', 'Innotype', 100, 14964, 'noimage.png', 'morbi non lectus aliquam sit amet diam in magna bibendum imperdiet nullam orci pede venenatis non sodales sed tincidunt', '판매중', '2021-05-16 00:00:00', '2021-09-23 00:00:00'),
	(266, '358335805-8', '소설', 'Bytecard', 'Archambault', 'Gigashots', 100, 24042, 'noimage.png', 'sollicitudin ut suscipit a feugiat et eros vestibulum ac est lacinia', '구편절판', '2020-11-29 00:00:00', '2021-09-23 00:00:00'),
	(267, '539899343-7', '여행', 'Bamity', 'Rufus', 'Innotype', 100, 9978, 'noimage.png', 'vel est donec odio justo sollicitudin ut suscipit a feugiat et eros', '구편절판', '2021-04-08 00:00:00', '2021-09-23 00:00:00'),
	(268, '305849157-3', '경제', 'Bigtax', 'Silvanus', 'Leenti', 100, 21763, 'noimage.png', 'vel nulla eget eros elementum pellentesque quisque porta volutpat erat quisque erat eros', '품절', '2021-07-07 00:00:00', '2021-09-23 00:00:00'),
	(269, '597077656-4', '경제', 'Zontrax', 'Phillis', 'Buzzster', 100, 19317, 'noimage.png', 'ut nulla sed accumsan felis ut at dolor quis odio consequat varius integer ac', '품절', '2021-01-14 00:00:00', '2021-09-23 00:00:00'),
	(270, '617471773-9', '소설', 'Zamit', 'Pepillo', 'Shufflebeat', 100, 15361, 'noimage.png', 'elementum nullam varius nulla facilisi cras non velit nec nisi vulputate', '판매중', '2021-05-10 00:00:00', '2021-09-23 00:00:00'),
	(271, '743913532-6', '여행', 'Solarbreeze', 'Cecil', 'Twitterbeat', 100, 19501, 'noimage.png', 'massa quis augue luctus tincidunt nulla mollis molestie lorem quisque ut erat curabitur gravida', '구편절판', '2021-02-27 00:00:00', '2021-09-23 00:00:00'),
	(272, '861271157-6', '경제', 'Zamit', 'Penni', 'Quire', 100, 16645, 'noimage.png', 'cubilia curae nulla dapibus dolor vel est donec odio justo sollicitudin ut', '구편절판', '2021-02-20 00:00:00', '2021-09-23 00:00:00'),
	(273, '490367590-4', '소설', 'Daltfresh', 'Fredek', 'Ozu', 100, 14560, 'noimage.png', 'magna vulputate luctus cum sociis natoque penatibus et magnis dis parturient montes nascetur ridiculus', '판매중', '2021-06-16 00:00:00', '2021-09-23 00:00:00'),
	(274, '752823337-4', '외국어', 'Home Ing', 'Noami', 'Rooxo', 100, 23323, 'noimage.png', 'elit proin interdum mauris non ligula pellentesque ultrices phasellus id sapien in sapien iaculis congue', '구편절판', '2021-08-17 00:00:00', '2021-09-23 00:00:00'),
	(275, '467465003-8', '소설', 'Fintone', 'Gerhard', 'Realcube', 100, 6746, 'noimage.png', 'morbi quis tortor id nulla ultrices aliquet maecenas leo odio condimentum id luctus nec molestie sed justo', '절판', '2021-09-02 00:00:00', '2021-09-23 00:00:00'),
	(276, '761492386-3', '만화', 'Aerified', 'Noby', 'Omba', 100, 27872, 'noimage.png', 'nec nisi vulputate nonummy maecenas tincidunt lacus at velit vivamus vel nulla eget', '구편절판', '2021-03-29 00:00:00', '2021-09-23 00:00:00'),
	(277, '163280985-0', '외국어', 'Fix San', 'Louisa', 'Realbuzz', 100, 15510, 'noimage.png', 'integer non velit donec diam neque vestibulum eget vulputate ut ultrices', '품절', '2020-09-29 00:00:00', '2021-09-23 00:00:00'),
	(278, '322339621-7', '소설', 'Flowdesk', 'Emlynne', 'Browsedrive', 100, 24239, 'noimage.png', 'id ornare imperdiet sapien urna pretium nisl ut volutpat sapien arcu sed', '구편절판', '2021-01-11 00:00:00', '2021-09-23 00:00:00'),
	(279, '866965636-1', '만화', 'Hatity', 'Kalle', 'Blogspan', 100, 25990, 'noimage.png', 'vestibulum ante ipsum primis in faucibus orci luctus et ultrices posuere cubilia', '구편절판', '2021-08-21 00:00:00', '2021-09-23 00:00:00'),
	(280, '480284292-9', '소설', 'Cardguard', 'Cicily', 'Skimia', 100, 8253, 'noimage.png', 'eu tincidunt in leo maecenas pulvinar lobortis est phasellus sit amet erat nulla tempus vivamus in felis', '판매중', '2021-05-13 00:00:00', '2021-09-23 00:00:00'),
	(281, '979130836-5', '경제', 'Lotlux', 'Bobbette', 'Trilia', 100, 15185, 'noimage.png', 'est lacinia nisi venenatis tristique fusce congue diam id ornare imperdiet sapien urna', '판매중', '2021-04-23 00:00:00', '2021-09-23 00:00:00'),
	(282, '965473877-5', '외국어', 'Zontrax', 'Shina', 'Realbuzz', 100, 10170, 'noimage.png', 'suscipit nulla elit ac nulla sed vel enim sit amet nunc viverra dapibus nulla suscipit ligula in lacus curabitur at', '구편절판', '2021-01-26 00:00:00', '2021-09-23 00:00:00'),
	(283, '854587013-2', '만화', 'Bigtax', 'Jannelle', 'Brainverse', 100, 6802, 'noimage.png', 'augue luctus tincidunt nulla mollis molestie lorem quisque ut erat curabitur gravida nisi at nibh in hac habitasse platea dictumst', '품절', '2021-06-09 00:00:00', '2021-09-23 00:00:00'),
	(284, '444834813-X', '만화', 'Matsoft', 'Wren', 'Gevee', 100, 22973, 'noimage.png', 'volutpat eleifend donec ut dolor morbi vel lectus in quam fringilla rhoncus mauris enim leo rhoncus', '절판', '2021-06-24 00:00:00', '2021-09-23 00:00:00'),
	(285, '077497276-9', '만화', 'Stringtough', 'Allix', 'Miboo', 100, 22200, 'noimage.png', 'adipiscing lorem vitae mattis nibh ligula nec sem duis aliquam convallis nunc proin at turpis a pede posuere', '품절', '2020-10-11 00:00:00', '2021-09-23 00:00:00'),
	(286, '469437435-4', '만화', 'Flowdesk', 'Birgitta', 'Browsezoom', 100, 19986, 'noimage.png', 'dui maecenas tristique est et tempus semper est quam pharetra magna ac consequat metus sapien', '품절', '2021-07-28 00:00:00', '2021-09-23 00:00:00'),
	(287, '807092651-1', '외국어', 'Overhold', 'Tallie', 'Janyx', 100, 6052, 'noimage.png', 'adipiscing molestie hendrerit at vulputate vitae nisl aenean lectus pellentesque eget nunc donec quis orci eget orci vehicula condimentum curabitur', '구편절판', '2020-09-27 00:00:00', '2021-09-23 00:00:00'),
	(288, '958121274-4', '만화', 'Regrant', 'Nahum', 'Thoughtsphere', 100, 16895, 'noimage.png', 'ultricies eu nibh quisque id justo sit amet sapien dignissim vestibulum vestibulum', '품절', '2021-03-05 00:00:00', '2021-09-23 00:00:00'),
	(289, '337355344-X', '만화', 'Toughjoyfax', 'Lauren', 'Topicware', 100, 6552, 'noimage.png', 'est quam pharetra magna ac consequat metus sapien ut nunc vestibulum ante ipsum primis in', '구편절판', '2021-01-18 00:00:00', '2021-09-23 00:00:00'),
	(290, '839046582-5', '여행', 'Trippledex', 'Con', 'Skipfire', 100, 20702, 'noimage.png', 'etiam pretium iaculis justo in hac habitasse platea dictumst etiam faucibus cursus urna ut tellus nulla ut', '구편절판', '2021-07-30 00:00:00', '2021-09-23 00:00:00'),
	(291, '398766022-8', '만화', 'Toughjoyfax', 'Ramon', 'BlogXS', 100, 13329, 'noimage.png', 'adipiscing elit proin interdum mauris non ligula pellentesque ultrices phasellus id sapien in sapien iaculis congue vivamus metus arcu', '구편절판', '2021-05-03 00:00:00', '2021-09-23 00:00:00'),
	(292, '855434123-6', '여행', 'Zamit', 'Caye', 'Skimia', 100, 6221, 'noimage.png', 'in eleifend quam a odio in hac habitasse platea dictumst maecenas ut massa quis augue', '절판', '2021-01-04 00:00:00', '2021-09-23 00:00:00'),
	(293, '652031848-5', '외국어', 'Bytecard', 'Min', 'DabZ', 100, 27608, 'noimage.png', 'erat id mauris vulputate elementum nullam varius nulla facilisi cras non velit nec nisi', '절판', '2021-02-03 00:00:00', '2021-09-23 00:00:00'),
	(294, '351681085-8', '소설', 'Toughjoyfax', 'Ingaberg', 'Meejo', 100, 26739, 'noimage.png', 'tincidunt in leo maecenas pulvinar lobortis est phasellus sit amet erat nulla tempus vivamus', '품절', '2021-06-23 00:00:00', '2021-09-23 00:00:00'),
	(295, '370818288-X', '소설', 'Tin', 'Jervis', 'Wordify', 100, 24345, 'noimage.png', 'nunc vestibulum ante ipsum primis in faucibus orci luctus et ultrices posuere cubilia curae', '판매중', '2021-02-11 00:00:00', '2021-09-23 00:00:00'),
	(296, '618119548-3', '여행', 'Sub-Ex', 'Kendal', 'Edgeblab', 100, 18741, 'noimage.png', 'hac habitasse platea dictumst aliquam augue quam sollicitudin vitae consectetuer eget rutrum at lorem integer tincidunt ante vel', '구편절판', '2020-10-18 00:00:00', '2021-09-23 00:00:00'),
	(297, '402053614-7', '경제', 'Opela', 'Dulci', 'Dabtype', 100, 20230, 'noimage.png', 'aliquam augue quam sollicitudin vitae consectetuer eget rutrum at lorem integer tincidunt ante vel', '판매중', '2021-08-01 00:00:00', '2021-09-23 00:00:00'),
	(298, '239018833-8', '만화', 'Zathin', 'Veronika', 'Kwilith', 100, 7815, 'noimage.png', 'nonummy maecenas tincidunt lacus at velit vivamus vel nulla eget eros elementum pellentesque quisque porta volutpat erat quisque erat', '절판', '2021-05-05 00:00:00', '2021-09-23 00:00:00'),
	(299, '205142245-1', '만화', 'Gembucket', 'Stanley', 'Lajo', 100, 7212, 'noimage.png', 'gravida sem praesent id massa id nisl venenatis lacinia aenean', '절판', '2021-03-25 00:00:00', '2021-09-23 00:00:00'),
	(300, '689967321-5', '만화', 'Namfix', 'Ceciley', 'Twinte', 100, 18459, 'noimage.png', 'turpis sed ante vivamus tortor duis mattis egestas metus aenean fermentum donec ut mauris', '구편절판', '2021-04-20 00:00:00', '2021-09-23 00:00:00'),
	(301, '743275172-2', '만화', 'Tempsoft', 'Fanechka', 'Realcube', 100, 11642, 'noimage.png', 'nulla suspendisse potenti cras in purus eu magna vulputate luctus cum', '품절', '2021-06-05 00:00:00', '2021-09-23 00:00:00'),
	(302, '474280127-X', '외국어', 'Hatity', 'Zaccaria', 'Yadel', 100, 19823, 'noimage.png', 'morbi vel lectus in quam fringilla rhoncus mauris enim leo rhoncus sed vestibulum sit amet cursus id turpis integer', '절판', '2021-05-18 00:00:00', '2021-09-23 00:00:00'),
	(303, '088905073-2', '여행', 'Trippledex', 'Catherine', 'Zava', 100, 27338, 'noimage.png', 'at vulputate vitae nisl aenean lectus pellentesque eget nunc donec quis orci eget orci vehicula', '구편절판', '2020-10-04 00:00:00', '2021-09-23 00:00:00'),
	(304, '770223821-6', '외국어', 'Tempsoft', 'Salmon', 'Tavu', 100, 17675, 'noimage.png', 'lacinia sapien quis libero nullam sit amet turpis elementum ligula vehicula consequat morbi a ipsum integer', '판매중', '2020-10-17 00:00:00', '2021-09-23 00:00:00'),
	(305, '080858359-X', '여행', 'Zaam-Dox', 'Holli', 'Wikizz', 100, 11996, 'noimage.png', 'mi pede malesuada in imperdiet et commodo vulputate justo in blandit ultrices enim', '품절', '2021-05-29 00:00:00', '2021-09-23 00:00:00'),
	(306, '652656802-5', '경제', 'Wrapsafe', 'Tiler', 'Brightbean', 100, 27097, 'noimage.png', 'nonummy integer non velit donec diam neque vestibulum eget vulputate ut', '구편절판', '2020-10-02 00:00:00', '2021-09-23 00:00:00'),
	(307, '427802354-5', '경제', 'Cardguard', 'Devy', 'Flipopia', 100, 24589, 'noimage.png', 'nullam orci pede venenatis non sodales sed tincidunt eu felis fusce posuere felis sed lacus morbi sem mauris laoreet', '판매중', '2020-10-31 00:00:00', '2021-09-23 00:00:00'),
	(308, '698628660-0', '소설', 'Bytecard', 'Brooks', 'Tambee', 100, 8055, 'noimage.png', 'eleifend luctus ultricies eu nibh quisque id justo sit amet', '절판', '2021-04-02 00:00:00', '2021-09-23 00:00:00'),
	(309, '886321721-1', '소설', 'Pannier', 'Kelly', 'Zoonoodle', 100, 6535, 'noimage.png', 'ut volutpat sapien arcu sed augue aliquam erat volutpat in congue etiam justo etiam pretium iaculis justo', '판매중', '2021-04-22 00:00:00', '2021-09-23 00:00:00'),
	(310, '796037600-X', '외국어', 'Tresom', 'Winnie', 'Quimba', 100, 24400, 'noimage.png', 'consequat lectus in est risus auctor sed tristique in tempus sit amet sem fusce', '판매중', '2020-12-17 00:00:00', '2021-09-23 00:00:00'),
	(311, '976427246-0', '소설', 'Stronghold', 'Josey', 'Photospace', 100, 19258, 'noimage.png', 'magna bibendum imperdiet nullam orci pede venenatis non sodales sed tincidunt eu felis', '품절', '2021-04-27 00:00:00', '2021-09-23 00:00:00'),
	(312, '672688032-4', '외국어', 'Zoolab', 'Ervin', 'Skimia', 100, 10225, 'noimage.png', 'leo pellentesque ultrices mattis odio donec vitae nisi nam ultrices libero non mattis pulvinar nulla pede ullamcorper augue a', '판매중', '2021-07-24 00:00:00', '2021-09-23 00:00:00'),
	(313, '030527460-0', '외국어', 'Fintone', 'Flory', 'Livetube', 100, 19881, 'noimage.png', 'volutpat in congue etiam justo etiam pretium iaculis justo in hac', '구편절판', '2021-08-21 00:00:00', '2021-09-23 00:00:00'),
	(314, '465728690-0', '경제', 'Biodex', 'Pier', 'Meevee', 100, 16351, 'noimage.png', 'velit nec nisi vulputate nonummy maecenas tincidunt lacus at velit', '절판', '2020-12-22 00:00:00', '2021-09-23 00:00:00'),
	(315, '024504801-4', '만화', 'Stim', 'Bear', 'Midel', 100, 8068, 'noimage.png', 'ac nulla sed vel enim sit amet nunc viverra dapibus nulla suscipit ligula in lacus curabitur at', '판매중', '2020-11-14 00:00:00', '2021-09-23 00:00:00'),
	(316, '752029707-1', '경제', 'Quo Lux', 'Boycey', 'Yakitri', 100, 9528, 'noimage.png', 'quisque erat eros viverra eget congue eget semper rutrum nulla nunc purus phasellus in felis donec semper', '절판', '2021-03-13 00:00:00', '2021-09-23 00:00:00'),
	(317, '607580772-1', '만화', 'Quo Lux', 'Jameson', 'Edgepulse', 100, 18804, 'noimage.png', 'at velit vivamus vel nulla eget eros elementum pellentesque quisque', '판매중', '2020-09-28 00:00:00', '2021-09-23 00:00:00'),
	(318, '473602104-7', '소설', 'Prodder', 'Lorrin', 'Browsezoom', 100, 25832, 'noimage.png', 'quam fringilla rhoncus mauris enim leo rhoncus sed vestibulum sit amet cursus id turpis integer aliquet', '판매중', '2020-09-23 00:00:00', '2021-09-23 00:00:00'),
	(319, '434086045-X', '소설', 'Trippledex', 'Ellette', 'Quatz', 100, 18434, 'noimage.png', 'et ultrices posuere cubilia curae donec pharetra magna vestibulum aliquet ultrices erat tortor sollicitudin mi sit amet lobortis sapien', '절판', '2021-01-07 00:00:00', '2021-09-23 00:00:00'),
	(320, '334975883-5', '외국어', 'Subin', 'Jobye', 'Riffwire', 100, 19486, 'noimage.png', 'nunc nisl duis bibendum felis sed interdum venenatis turpis enim blandit mi in porttitor pede justo eu', '판매중', '2021-06-19 00:00:00', '2021-09-23 00:00:00'),
	(321, '393777694-X', '외국어', 'Solarbreeze', 'Ramsey', 'Youtags', 100, 24303, 'noimage.png', 'lectus in est risus auctor sed tristique in tempus sit amet sem fusce consequat nulla nisl nunc nisl', '절판', '2021-06-29 00:00:00', '2021-09-23 00:00:00'),
	(322, '716697023-5', '소설', 'Temp', 'Marlowe', 'Quinu', 100, 13585, 'noimage.png', 'convallis eget eleifend luctus ultricies eu nibh quisque id justo sit amet sapien dignissim vestibulum vestibulum ante', '판매중', '2021-09-01 00:00:00', '2021-09-23 00:00:00'),
	(323, '773672353-2', '소설', 'Regrant', 'Pearla', 'Fivebridge', 100, 24309, 'noimage.png', 'in hac habitasse platea dictumst etiam faucibus cursus urna ut tellus nulla ut erat id mauris vulputate elementum nullam varius', '구편절판', '2020-10-02 00:00:00', '2021-09-23 00:00:00'),
	(324, '255288378-8', '만화', 'Subin', 'Inglis', 'Photobug', 100, 26426, 'noimage.png', 'iaculis congue vivamus metus arcu adipiscing molestie hendrerit at vulputate', '절판', '2021-04-20 00:00:00', '2021-09-23 00:00:00'),
	(325, '928121026-6', '외국어', 'Ventosanzap', 'Eugenius', 'Riffpath', 100, 22122, 'noimage.png', 'arcu libero rutrum ac lobortis vel dapibus at diam nam', '구편절판', '2021-03-30 00:00:00', '2021-09-23 00:00:00'),
	(326, '909735172-3', '경제', 'Fix San', 'Hollis', 'Twitternation', 100, 9436, 'noimage.png', 'sapien placerat ante nulla justo aliquam quis turpis eget elit sodales scelerisque mauris', '구편절판', '2021-06-02 00:00:00', '2021-09-23 00:00:00'),
	(327, '997354620-2', '여행', 'Zaam-Dox', 'Lief', 'Topicblab', 100, 17433, 'noimage.png', 'sapien cursus vestibulum proin eu mi nulla ac enim in tempor turpis nec euismod scelerisque quam turpis', '판매중', '2021-09-11 00:00:00', '2021-09-23 00:00:00'),
	(328, '685449099-5', '소설', 'Flowdesk', 'Joli', 'Yombu', 100, 15478, 'noimage.png', 'nisl nunc nisl duis bibendum felis sed interdum venenatis turpis', '판매중', '2020-10-05 00:00:00', '2021-09-23 00:00:00'),
	(329, '184485406-X', '만화', 'Zoolab', 'Avigdor', 'Riffpedia', 100, 11257, 'noimage.png', 'nisl duis bibendum felis sed interdum venenatis turpis enim blandit mi', '판매중', '2021-09-12 00:00:00', '2021-09-23 00:00:00'),
	(330, '612512885-7', '만화', 'Rank', 'Mollee', 'Oozz', 100, 22495, 'noimage.png', 'mauris lacinia sapien quis libero nullam sit amet turpis elementum ligula vehicula consequat morbi a ipsum integer', '구편절판', '2021-02-07 00:00:00', '2021-09-23 00:00:00'),
	(331, '493936335-X', '여행', 'Alphazap', 'Nolana', 'Omba', 100, 12759, 'noimage.png', 'morbi porttitor lorem id ligula suspendisse ornare consequat lectus in est risus auctor', '구편절판', '2020-11-18 00:00:00', '2021-09-23 00:00:00'),
	(332, '452353948-0', '경제', 'Flowdesk', 'Yorgos', 'Youfeed', 100, 20339, 'noimage.png', 'erat nulla tempus vivamus in felis eu sapien cursus vestibulum proin eu', '구편절판', '2020-10-26 00:00:00', '2021-09-23 00:00:00'),
	(333, '501847457-2', '경제', 'Bigtax', 'Nichol', 'Eimbee', 100, 6536, 'noimage.png', 'montes nascetur ridiculus mus vivamus vestibulum sagittis sapien cum sociis natoque penatibus et', '품절', '2021-08-19 00:00:00', '2021-09-23 00:00:00'),
	(334, '666288034-5', '소설', 'Flexidy', 'Base', 'Rooxo', 100, 6840, 'noimage.png', 'tempor convallis nulla neque libero convallis eget eleifend luctus ultricies eu nibh quisque', '절판', '2021-09-19 00:00:00', '2021-09-23 00:00:00'),
	(335, '555884055-2', '소설', 'Fixflex', 'Jerrie', 'Feedbug', 100, 18929, 'noimage.png', 'convallis tortor risus dapibus augue vel accumsan tellus nisi eu orci mauris lacinia sapien quis', '품절', '2020-10-14 00:00:00', '2021-09-23 00:00:00'),
	(336, '481855896-6', '여행', 'Alpha', 'Waring', 'Gigabox', 100, 29982, 'noimage.png', 'egestas metus aenean fermentum donec ut mauris eget massa tempor convallis nulla', '구편절판', '2020-11-12 00:00:00', '2021-09-23 00:00:00'),
	(337, '061438788-4', '만화', 'Toughjoyfax', 'Caleb', 'Topiczoom', 100, 23152, 'noimage.png', 'ultrices aliquet maecenas leo odio condimentum id luctus nec molestie sed justo pellentesque viverra pede ac diam cras', '구편절판', '2021-05-30 00:00:00', '2021-09-23 00:00:00'),
	(338, '147096932-7', '소설', 'Domainer', 'Cory', 'DabZ', 100, 11847, 'noimage.png', 'ut massa quis augue luctus tincidunt nulla mollis molestie lorem quisque ut erat curabitur gravida nisi at', '구편절판', '2021-07-24 00:00:00', '2021-09-23 00:00:00'),
	(339, '522051378-8', '외국어', 'Opela', 'Ashlee', 'Tagchat', 100, 23081, 'noimage.png', 'erat tortor sollicitudin mi sit amet lobortis sapien sapien non mi integer ac neque duis', '절판', '2021-06-30 00:00:00', '2021-09-23 00:00:00'),
	(340, '485102119-4', '경제', 'It', 'Sheelagh', 'Wikivu', 100, 25378, 'noimage.png', 'euismod scelerisque quam turpis adipiscing lorem vitae mattis nibh ligula nec sem duis aliquam convallis nunc proin at', '품절', '2021-01-27 00:00:00', '2021-09-23 00:00:00'),
	(341, '087059473-7', '소설', 'Konklux', 'Abbot', 'Meezzy', 100, 12337, 'noimage.png', 'tortor sollicitudin mi sit amet lobortis sapien sapien non mi integer', '판매중', '2021-01-23 00:00:00', '2021-09-23 00:00:00'),
	(342, '415079065-5', '외국어', 'Cardify', 'Nichole', 'Buzzdog', 100, 5608, 'noimage.png', 'praesent lectus vestibulum quam sapien varius ut blandit non interdum in ante vestibulum ante ipsum primis in', '절판', '2021-08-09 00:00:00', '2021-09-23 00:00:00'),
	(343, '846031139-2', '여행', 'Rank', 'Charlie', 'Photofeed', 100, 8037, 'noimage.png', 'id mauris vulputate elementum nullam varius nulla facilisi cras non velit nec nisi', '판매중', '2021-02-24 00:00:00', '2021-09-23 00:00:00'),
	(344, '188328575-5', '소설', 'Tampflex', 'Fifi', 'Browseblab', 100, 8763, 'noimage.png', 'consequat in consequat ut nulla sed accumsan felis ut at dolor quis odio', '품절', '2021-02-21 00:00:00', '2021-09-23 00:00:00'),
	(345, '571198855-7', '외국어', 'Toughjoyfax', 'Vyky', 'Eidel', 100, 26797, 'noimage.png', 'quam fringilla rhoncus mauris enim leo rhoncus sed vestibulum sit', '품절', '2021-05-12 00:00:00', '2021-09-23 00:00:00'),
	(346, '144873114-3', '외국어', 'Vagram', 'Sebastiano', 'Trudoo', 100, 13478, 'noimage.png', 'porttitor id consequat in consequat ut nulla sed accumsan felis ut at dolor quis odio consequat varius integer ac', '구편절판', '2021-08-19 00:00:00', '2021-09-23 00:00:00'),
	(347, '503721290-1', '소설', 'Fix San', 'Bronson', 'Ailane', 100, 21007, 'noimage.png', 'integer ac neque duis bibendum morbi non quam nec dui luctus rutrum nulla tellus in sagittis dui vel nisl', '품절', '2021-07-05 00:00:00', '2021-09-23 00:00:00'),
	(348, '135299146-2', '경제', 'Subin', 'Patrick', 'Feedmix', 100, 18176, 'noimage.png', 'congue etiam justo etiam pretium iaculis justo in hac habitasse', '절판', '2021-03-12 00:00:00', '2021-09-23 00:00:00'),
	(349, '420793402-2', '소설', 'Redhold', 'Martin', 'Oyope', 100, 12670, 'noimage.png', 'ut nunc vestibulum ante ipsum primis in faucibus orci luctus et ultrices posuere', '절판', '2021-03-31 00:00:00', '2021-09-23 00:00:00'),
	(350, '501593529-3', '여행', 'Tres-Zap', 'Burke', 'Meembee', 100, 27147, 'noimage.png', 'nulla suspendisse potenti cras in purus eu magna vulputate luctus cum sociis natoque penatibus', '판매중', '2021-08-12 00:00:00', '2021-09-23 00:00:00'),
	(351, '023383436-2', '소설', 'Holdlamis', 'Joyann', 'Babblestorm', 100, 22288, 'noimage.png', 'metus arcu adipiscing molestie hendrerit at vulputate vitae nisl aenean lectus pellentesque eget nunc donec quis orci eget', '판매중', '2021-01-24 00:00:00', '2021-09-23 00:00:00'),
	(352, '299082820-6', '경제', 'Redhold', 'Heddie', 'Leexo', 100, 6014, 'noimage.png', 'ullamcorper purus sit amet nulla quisque arcu libero rutrum ac lobortis vel dapibus at diam nam', '판매중', '2020-10-03 00:00:00', '2021-09-23 00:00:00'),
	(353, '980158087-9', '외국어', 'Bytecard', 'Bernardine', 'JumpXS', 100, 16797, 'noimage.png', 'ante vel ipsum praesent blandit lacinia erat vestibulum sed magna at nunc commodo placerat praesent blandit nam', '절판', '2021-07-15 00:00:00', '2021-09-23 00:00:00'),
	(354, '069390492-5', '여행', 'Bitchip', 'Chantal', 'Lajo', 100, 5896, 'noimage.png', 'ante ipsum primis in faucibus orci luctus et ultrices posuere cubilia curae duis faucibus accumsan odio curabitur', '절판', '2021-07-19 00:00:00', '2021-09-23 00:00:00'),
	(355, '543520561-1', '경제', 'Viva', 'Beverlee', 'Meemm', 100, 28467, 'noimage.png', 'hac habitasse platea dictumst maecenas ut massa quis augue luctus tincidunt nulla mollis molestie lorem quisque ut', '구편절판', '2021-02-13 00:00:00', '2021-09-23 00:00:00'),
	(356, '868817495-4', '여행', 'Stronghold', 'Kale', 'Skyba', 100, 5202, 'noimage.png', 'eu felis fusce posuere felis sed lacus morbi sem mauris laoreet ut rhoncus aliquet pulvinar sed nisl nunc', '판매중', '2021-02-05 00:00:00', '2021-09-23 00:00:00'),
	(357, '642585512-6', '외국어', 'Toughjoyfax', 'Ezechiel', 'Avamm', 100, 21203, 'noimage.png', 'sed interdum venenatis turpis enim blandit mi in porttitor pede justo eu massa donec dapibus duis at velit eu', '구편절판', '2020-12-01 00:00:00', '2021-09-23 00:00:00'),
	(358, '036504461-X', '외국어', 'Kanlam', 'Shandy', 'Gabtype', 100, 23098, 'noimage.png', 'in blandit ultrices enim lorem ipsum dolor sit amet consectetuer adipiscing elit proin interdum mauris non', '구편절판', '2021-07-01 00:00:00', '2021-09-23 00:00:00'),
	(359, '519839125-5', '만화', 'Tres-Zap', 'Laurena', 'Zoomzone', 100, 22488, 'noimage.png', 'velit nec nisi vulputate nonummy maecenas tincidunt lacus at velit vivamus vel nulla eget eros elementum pellentesque', '절판', '2021-01-08 00:00:00', '2021-09-23 00:00:00'),
	(360, '540885329-2', '소설', 'Y-Solowarm', 'Cesya', 'Quinu', 100, 18345, 'noimage.png', 'et ultrices posuere cubilia curae nulla dapibus dolor vel est donec odio justo sollicitudin ut suscipit a feugiat et', '구편절판', '2021-02-10 00:00:00', '2021-09-23 00:00:00'),
	(361, '778429326-7', '만화', 'Fix San', 'Dorita', 'Youopia', 100, 13513, 'noimage.png', 'ligula nec sem duis aliquam convallis nunc proin at turpis a pede', '절판', '2021-05-25 00:00:00', '2021-09-23 00:00:00'),
	(362, '940064650-X', '외국어', 'Aerified', 'Isabelle', 'Quatz', 100, 21756, 'noimage.png', 'nec condimentum neque sapien placerat ante nulla justo aliquam quis turpis', '절판', '2020-10-23 00:00:00', '2021-09-23 00:00:00'),
	(363, '796516645-3', '외국어', 'Kanlam', 'Hyacinth', 'Cogidoo', 100, 18524, 'noimage.png', 'vel pede morbi porttitor lorem id ligula suspendisse ornare consequat lectus in est risus auctor sed tristique in tempus', '구편절판', '2021-07-12 00:00:00', '2021-09-23 00:00:00'),
	(364, '262498981-1', '소설', 'Cardguard', 'Hobard', 'Avamm', 100, 23335, 'noimage.png', 'nulla suspendisse potenti cras in purus eu magna vulputate luctus cum sociis natoque penatibus et magnis dis parturient', '판매중', '2021-08-08 00:00:00', '2021-09-23 00:00:00'),
	(365, '094965257-1', '여행', 'Stronghold', 'Corny', 'Flashspan', 100, 23551, 'noimage.png', 'non sodales sed tincidunt eu felis fusce posuere felis sed lacus morbi sem mauris laoreet ut rhoncus aliquet pulvinar sed', '구편절판', '2021-09-17 00:00:00', '2021-09-23 00:00:00'),
	(366, '599134579-1', '만화', 'Y-find', 'Con', 'Gevee', 100, 9741, 'noimage.png', 'ipsum dolor sit amet consectetuer adipiscing elit proin interdum mauris non ligula pellentesque ultrices phasellus', '품절', '2020-10-24 00:00:00', '2021-09-23 00:00:00'),
	(367, '188898743-X', '여행', 'Quo Lux', 'Isa', 'Quinu', 100, 19957, 'noimage.png', 'nisl venenatis lacinia aenean sit amet justo morbi ut odio cras mi', '절판', '2021-09-05 00:00:00', '2021-09-23 00:00:00'),
	(368, '958322571-1', '외국어', 'Regrant', 'Raynor', 'Kazio', 100, 12529, 'noimage.png', 'nunc viverra dapibus nulla suscipit ligula in lacus curabitur at ipsum ac tellus semper interdum', '품절', '2021-01-07 00:00:00', '2021-09-23 00:00:00'),
	(369, '068162199-0', '소설', 'Ventosanzap', 'Wilone', 'Roodel', 100, 15872, 'noimage.png', 'diam neque vestibulum eget vulputate ut ultrices vel augue vestibulum ante ipsum primis in faucibus', '구편절판', '2021-01-20 00:00:00', '2021-09-23 00:00:00'),
	(370, '381296251-9', '소설', 'Andalax', 'Verla', 'Dabshots', 100, 25215, 'noimage.png', 'maecenas leo odio condimentum id luctus nec molestie sed justo pellentesque', '절판', '2021-06-15 00:00:00', '2021-09-23 00:00:00'),
	(371, '539801806-X', '외국어', 'Fintone', 'Llewellyn', 'Skimia', 100, 7580, 'noimage.png', 'odio curabitur convallis duis consequat dui nec nisi volutpat eleifend donec ut dolor morbi', '판매중', '2020-10-15 00:00:00', '2021-09-23 00:00:00'),
	(372, '196203896-3', '외국어', 'Tresom', 'Gussi', 'Skalith', 100, 24492, 'noimage.png', 'morbi ut odio cras mi pede malesuada in imperdiet et commodo vulputate justo in blandit ultrices', '판매중', '2021-04-17 00:00:00', '2021-09-23 00:00:00'),
	(373, '639811534-1', '경제', 'Sonsing', 'Deedee', 'Voolith', 100, 26409, 'noimage.png', 'blandit lacinia erat vestibulum sed magna at nunc commodo placerat praesent blandit', '절판', '2020-11-02 00:00:00', '2021-09-23 00:00:00'),
	(374, '391227425-8', '만화', 'Hatity', 'Joseito', 'Thoughtbridge', 100, 6176, 'noimage.png', 'congue risus semper porta volutpat quam pede lobortis ligula sit amet eleifend pede libero quis orci', '구편절판', '2021-04-13 00:00:00', '2021-09-23 00:00:00'),
	(375, '827171075-3', '외국어', 'Regrant', 'Gloriane', 'Voomm', 100, 6232, 'noimage.png', 'mauris non ligula pellentesque ultrices phasellus id sapien in sapien iaculis congue vivamus metus arcu adipiscing molestie hendrerit at', '품절', '2021-02-21 00:00:00', '2021-09-23 00:00:00'),
	(376, '300408866-5', '경제', 'Flexidy', 'Shirline', 'Divape', 100, 27293, 'noimage.png', 'vitae ipsum aliquam non mauris morbi non lectus aliquam sit', '판매중', '2021-02-17 00:00:00', '2021-09-23 00:00:00'),
	(377, '055680453-8', '만화', 'Lotlux', 'Tod', 'Demizz', 100, 7703, 'noimage.png', 'dapibus duis at velit eu est congue elementum in hac habitasse', '절판', '2020-10-25 00:00:00', '2021-09-23 00:00:00'),
	(378, '155765841-2', '경제', 'Pannier', 'Rudie', 'DabZ', 100, 28597, 'noimage.png', 'sed sagittis nam congue risus semper porta volutpat quam pede lobortis ligula sit amet eleifend pede libero quis orci', '판매중', '2021-04-19 00:00:00', '2021-09-23 00:00:00'),
	(379, '566660993-9', '외국어', 'Solarbreeze', 'Krishna', 'Wordware', 100, 25404, 'noimage.png', 'rutrum neque aenean auctor gravida sem praesent id massa id nisl venenatis lacinia aenean sit amet justo morbi ut odio', '구편절판', '2021-01-13 00:00:00', '2021-09-23 00:00:00'),
	(380, '033369624-7', '여행', 'Kanlam', 'Rhona', 'Eabox', 100, 28559, 'noimage.png', 'in sapien iaculis congue vivamus metus arcu adipiscing molestie hendrerit at vulputate vitae nisl', '절판', '2020-11-16 00:00:00', '2021-09-23 00:00:00'),
	(381, '317537008-X', '만화', 'Biodex', 'Arabela', 'Gabtype', 100, 18584, 'noimage.png', 'duis aliquam convallis nunc proin at turpis a pede posuere nonummy integer non velit donec diam neque vestibulum eget vulputate', '판매중', '2020-11-26 00:00:00', '2021-09-23 00:00:00'),
	(382, '430752798-4', '경제', 'Tresom', 'Ethe', 'Wikizz', 100, 20412, 'noimage.png', 'dui vel nisl duis ac nibh fusce lacus purus aliquet at feugiat non pretium quis lectus suspendisse potenti', '절판', '2021-01-12 00:00:00', '2021-09-23 00:00:00'),
	(383, '867691374-9', '소설', 'Stringtough', 'Xever', 'Kazu', 100, 17403, 'noimage.png', 'mi nulla ac enim in tempor turpis nec euismod scelerisque quam turpis adipiscing lorem vitae mattis nibh ligula', '절판', '2020-10-12 00:00:00', '2021-09-23 00:00:00'),
	(384, '063879968-6', '경제', 'Home Ing', 'Mureil', 'Wikibox', 100, 12128, 'noimage.png', 'adipiscing molestie hendrerit at vulputate vitae nisl aenean lectus pellentesque eget nunc donec quis orci eget orci', '절판', '2020-10-10 00:00:00', '2021-09-23 00:00:00'),
	(385, '015770287-1', '외국어', 'Biodex', 'Sonni', 'Quimba', 100, 23119, 'noimage.png', 'augue aliquam erat volutpat in congue etiam justo etiam pretium iaculis', '품절', '2021-01-01 00:00:00', '2021-09-23 00:00:00'),
	(386, '407202454-6', '외국어', 'Daltfresh', 'Delcina', 'Fliptune', 100, 13277, 'noimage.png', 'mi integer ac neque duis bibendum morbi non quam nec dui luctus rutrum nulla', '판매중', '2021-05-17 00:00:00', '2021-09-23 00:00:00'),
	(387, '384834493-9', '외국어', 'Kanlam', 'Nicolas', 'Eire', 100, 24070, 'noimage.png', 'orci pede venenatis non sodales sed tincidunt eu felis fusce posuere felis sed lacus morbi sem mauris laoreet', '판매중', '2021-03-03 00:00:00', '2021-09-23 00:00:00'),
	(388, '575708966-0', '만화', 'Latlux', 'Kendra', 'Jabberstorm', 100, 14460, 'noimage.png', 'vivamus in felis eu sapien cursus vestibulum proin eu mi nulla ac enim in tempor turpis nec euismod', '절판', '2021-06-20 00:00:00', '2021-09-23 00:00:00'),
	(389, '696951153-7', '소설', 'Lotlux', 'Maryl', 'Rhycero', 100, 5417, 'noimage.png', 'odio odio elementum eu interdum eu tincidunt in leo maecenas pulvinar lobortis est phasellus sit amet erat nulla tempus', '품절', '2021-02-21 00:00:00', '2021-09-23 00:00:00'),
	(390, '905814755-X', '만화', 'Ventosanzap', 'Jacky', 'Kwinu', 100, 16281, 'noimage.png', 'quisque ut erat curabitur gravida nisi at nibh in hac habitasse platea dictumst aliquam augue quam sollicitudin vitae consectetuer eget', '절판', '2021-03-03 00:00:00', '2021-09-23 00:00:00'),
	(391, '148715805-X', '여행', 'Quo Lux', 'Mateo', 'Browsebug', 100, 10675, 'noimage.png', 'mauris sit amet eros suspendisse accumsan tortor quis turpis sed ante vivamus tortor duis mattis egestas metus aenean fermentum', '구편절판', '2020-11-29 00:00:00', '2021-09-23 00:00:00'),
	(392, '476972996-0', '만화', 'Viva', 'Jillane', 'Brightdog', 100, 6785, 'noimage.png', 'ut volutpat sapien arcu sed augue aliquam erat volutpat in congue etiam', '판매중', '2021-07-31 00:00:00', '2021-09-23 00:00:00'),
	(393, '685238177-3', '여행', 'Mat Lam Tam', 'Locke', 'Mymm', 100, 12441, 'noimage.png', 'dui luctus rutrum nulla tellus in sagittis dui vel nisl duis', '구편절판', '2021-04-18 00:00:00', '2021-09-23 00:00:00'),
	(394, '088400245-4', '소설', 'Ronstring', 'Asher', 'Flipopia', 100, 17526, 'noimage.png', 'posuere nonummy integer non velit donec diam neque vestibulum eget vulputate ut ultrices vel augue vestibulum ante ipsum', '판매중', '2021-03-15 00:00:00', '2021-09-23 00:00:00'),
	(395, '552083802-X', '여행', 'Biodex', 'Dacie', 'Blogtags', 100, 18220, 'noimage.png', 'ipsum primis in faucibus orci luctus et ultrices posuere cubilia curae donec pharetra magna vestibulum aliquet ultrices erat tortor', '절판', '2021-05-24 00:00:00', '2021-09-23 00:00:00'),
	(396, '380084702-7', '여행', 'Trippledex', 'Gilburt', 'Rooxo', 100, 5542, 'noimage.png', 'molestie sed justo pellentesque viverra pede ac diam cras pellentesque volutpat dui maecenas tristique est', '구편절판', '2021-04-01 00:00:00', '2021-09-23 00:00:00'),
	(397, '495087827-1', '경제', 'Zaam-Dox', 'Adeline', 'Tanoodle', 100, 6851, 'noimage.png', 'ipsum primis in faucibus orci luctus et ultrices posuere cubilia curae duis faucibus accumsan', '품절', '2020-09-30 00:00:00', '2021-09-23 00:00:00'),
	(398, '780638393-X', '외국어', 'Tresom', 'Emmalee', 'Zoomlounge', 100, 22037, 'noimage.png', 'mus etiam vel augue vestibulum rutrum rutrum neque aenean auctor gravida sem', '품절', '2021-02-10 00:00:00', '2021-09-23 00:00:00'),
	(399, '815237312-5', '소설', 'Fintone', 'Deirdre', 'Photolist', 100, 15258, 'noimage.png', 'et ultrices posuere cubilia curae nulla dapibus dolor vel est donec odio', '구편절판', '2020-10-13 00:00:00', '2021-09-23 00:00:00'),
	(400, '175919646-0', '만화', 'Redhold', 'Kevon', 'Linktype', 100, 16636, 'noimage.png', 'tincidunt in leo maecenas pulvinar lobortis est phasellus sit amet erat nulla tempus vivamus in felis', '품절', '2020-10-31 00:00:00', '2021-09-23 00:00:00'),
	(401, '732244268-7', '만화', 'Hatity', 'Ilaire', 'Plambee', 100, 5248, 'noimage.png', 'ipsum primis in faucibus orci luctus et ultrices posuere cubilia curae mauris viverra diam vitae quam suspendisse', '구편절판', '2020-12-07 00:00:00', '2021-09-23 00:00:00'),
	(402, '008346984-2', '만화', 'Fixflex', 'Ariela', 'Avavee', 100, 9274, 'noimage.png', 'cras non velit nec nisi vulputate nonummy maecenas tincidunt lacus at velit vivamus vel nulla eget eros elementum', '품절', '2021-04-16 00:00:00', '2021-09-23 00:00:00'),
	(403, '377430563-3', '만화', 'Sonair', 'Antin', 'Cogilith', 100, 16501, 'noimage.png', 'diam cras pellentesque volutpat dui maecenas tristique est et tempus semper est quam pharetra magna ac consequat metus sapien', '품절', '2020-10-13 00:00:00', '2021-09-23 00:00:00'),
	(404, '157692115-8', '외국어', 'Subin', 'Farris', 'Lazzy', 100, 16758, 'noimage.png', 'mus vivamus vestibulum sagittis sapien cum sociis natoque penatibus et', '판매중', '2020-10-05 00:00:00', '2021-09-23 00:00:00'),
	(405, '688326366-7', '소설', 'Gembucket', 'Godfrey', 'Wordpedia', 100, 10002, 'noimage.png', 'sed vel enim sit amet nunc viverra dapibus nulla suscipit ligula in lacus curabitur at ipsum ac tellus', '구편절판', '2021-05-20 00:00:00', '2021-09-23 00:00:00'),
	(406, '148245752-0', '경제', 'Wrapsafe', 'Llewellyn', 'Riffpedia', 100, 7615, 'noimage.png', 'nulla tempus vivamus in felis eu sapien cursus vestibulum proin eu mi nulla', '품절', '2021-06-05 00:00:00', '2021-09-23 00:00:00'),
	(407, '581903255-1', '경제', 'Zaam-Dox', 'Shayla', 'Quamba', 100, 21608, 'noimage.png', 'at turpis donec posuere metus vitae ipsum aliquam non mauris', '품절', '2021-07-10 00:00:00', '2021-09-23 00:00:00'),
	(408, '609528629-8', '소설', 'Prodder', 'Ephrayim', 'Ainyx', 100, 24093, 'noimage.png', 'dui vel sem sed sagittis nam congue risus semper porta volutpat quam pede', '구편절판', '2021-05-01 00:00:00', '2021-09-23 00:00:00'),
	(409, '054459875-X', '여행', 'Stringtough', 'Berkie', 'Yombu', 100, 23895, 'noimage.png', 'velit nec nisi vulputate nonummy maecenas tincidunt lacus at velit vivamus vel nulla', '품절', '2020-10-14 00:00:00', '2021-09-23 00:00:00'),
	(410, '860447008-5', '소설', 'Toughjoyfax', 'Mandel', 'Oozz', 100, 24136, 'noimage.png', 'quis libero nullam sit amet turpis elementum ligula vehicula consequat morbi a ipsum', '구편절판', '2021-09-09 00:00:00', '2021-09-23 00:00:00'),
	(411, '596903830-X', '외국어', 'Fix San', 'Larissa', 'Kimia', 100, 15498, 'noimage.png', 'proin interdum mauris non ligula pellentesque ultrices phasellus id sapien in sapien iaculis congue vivamus metus arcu adipiscing', '품절', '2021-01-25 00:00:00', '2021-09-23 00:00:00'),
	(412, '195386715-4', '만화', 'Alpha', 'Carter', 'Quimba', 100, 19479, 'noimage.png', 'in felis donec semper sapien a libero nam dui proin leo odio porttitor id consequat in consequat ut nulla sed', '구편절판', '2021-03-02 00:00:00', '2021-09-23 00:00:00'),
	(413, '620314023-6', '경제', 'Rank', 'Sumner', 'Avavee', 100, 25660, 'noimage.png', 'nulla neque libero convallis eget eleifend luctus ultricies eu nibh', '구편절판', '2021-02-23 00:00:00', '2021-09-23 00:00:00'),
	(414, '760800255-7', '소설', 'Tresom', 'Ulises', 'Rhynoodle', 100, 7632, 'noimage.png', 'in porttitor pede justo eu massa donec dapibus duis at velit eu est', '판매중', '2020-10-04 00:00:00', '2021-09-23 00:00:00'),
	(415, '963381992-X', '소설', 'Stronghold', 'Gaspar', 'Skipfire', 100, 22958, 'noimage.png', 'duis ac nibh fusce lacus purus aliquet at feugiat non', '판매중', '2021-07-18 00:00:00', '2021-09-23 00:00:00'),
	(416, '213501674-8', '소설', 'Ventosanzap', 'Taylor', 'Eimbee', 100, 28259, 'noimage.png', 'justo sollicitudin ut suscipit a feugiat et eros vestibulum ac est lacinia nisi venenatis tristique', '품절', '2021-01-21 00:00:00', '2021-09-23 00:00:00'),
	(417, '839508096-4', '소설', 'Tin', 'Lolita', 'Livepath', 100, 17815, 'noimage.png', 'et ultrices posuere cubilia curae nulla dapibus dolor vel est donec odio', '절판', '2021-04-18 00:00:00', '2021-09-23 00:00:00'),
	(418, '771388783-0', '여행', 'Latlux', 'Dalenna', 'Dynabox', 100, 20423, 'noimage.png', 'vestibulum ante ipsum primis in faucibus orci luctus et ultrices posuere cubilia curae nulla dapibus', '품절', '2021-09-04 00:00:00', '2021-09-23 00:00:00'),
	(419, '406143897-2', '경제', 'Sub-Ex', 'Buckie', 'Aibox', 100, 21708, 'noimage.png', 'bibendum morbi non quam nec dui luctus rutrum nulla tellus in sagittis dui vel nisl duis ac nibh', '절판', '2021-06-07 00:00:00', '2021-09-23 00:00:00'),
	(420, '283378721-9', '만화', 'Job', 'Antone', 'Devcast', 100, 20275, 'noimage.png', 'at velit eu est congue elementum in hac habitasse platea dictumst morbi vestibulum velit id pretium iaculis diam erat fermentum', '구편절판', '2021-08-07 00:00:00', '2021-09-23 00:00:00'),
	(421, '447424821-X', '경제', 'Greenlam', 'Alley', 'Flipopia', 100, 9500, 'noimage.png', 'semper sapien a libero nam dui proin leo odio porttitor id consequat in consequat ut nulla', '절판', '2021-07-05 00:00:00', '2021-09-23 00:00:00'),
	(422, '333737642-8', '만화', 'Bigtax', 'Luce', 'Ozu', 100, 29997, 'noimage.png', 'adipiscing molestie hendrerit at vulputate vitae nisl aenean lectus pellentesque eget nunc donec quis', '구편절판', '2021-06-03 00:00:00', '2021-09-23 00:00:00'),
	(423, '946637307-2', '외국어', 'Tempsoft', 'Olag', 'Kimia', 100, 14770, 'noimage.png', 'nascetur ridiculus mus vivamus vestibulum sagittis sapien cum sociis natoque penatibus et magnis dis parturient montes nascetur', '품절', '2021-07-19 00:00:00', '2021-09-23 00:00:00'),
	(424, '946335193-0', '여행', 'Lotlux', 'Othella', 'Zoombeat', 100, 26015, 'noimage.png', 'praesent id massa id nisl venenatis lacinia aenean sit amet justo morbi', '구편절판', '2020-12-22 00:00:00', '2021-09-23 00:00:00'),
	(425, '296682311-9', '소설', 'Ronstring', 'Oralie', 'Yabox', 100, 29696, 'noimage.png', 'ridiculus mus etiam vel augue vestibulum rutrum rutrum neque aenean auctor gravida sem praesent id', '판매중', '2021-03-11 00:00:00', '2021-09-23 00:00:00'),
	(426, '681410111-4', '소설', 'Regrant', 'Belva', 'Demizz', 100, 24000, 'noimage.png', 'pretium quis lectus suspendisse potenti in eleifend quam a odio in hac habitasse platea dictumst maecenas', '품절', '2021-09-06 00:00:00', '2021-09-23 00:00:00'),
	(427, '608148272-3', '여행', 'Bitwolf', 'Sallyanne', 'Meejo', 100, 8588, 'noimage.png', 'velit id pretium iaculis diam erat fermentum justo nec condimentum neque sapien placerat ante nulla justo aliquam quis', '판매중', '2020-10-22 00:00:00', '2021-09-23 00:00:00'),
	(428, '925821744-6', '만화', 'Gembucket', 'Laurie', 'Tagopia', 100, 13764, 'noimage.png', 'lectus suspendisse potenti in eleifend quam a odio in hac habitasse platea dictumst', '절판', '2021-04-02 00:00:00', '2021-09-23 00:00:00'),
	(429, '943931627-6', '외국어', 'Lotstring', 'Devi', 'Aimbo', 100, 13733, 'noimage.png', 'rutrum nulla tellus in sagittis dui vel nisl duis ac', '품절', '2021-09-18 00:00:00', '2021-09-23 00:00:00'),
	(430, '132212272-5', '경제', 'Temp', 'Karena', 'Cogidoo', 100, 8000, 'noimage.png', 'cursus vestibulum proin eu mi nulla ac enim in tempor turpis nec euismod scelerisque quam turpis', '절판', '2021-08-18 00:00:00', '2021-09-23 00:00:00'),
	(431, '398530763-6', '만화', 'Voyatouch', 'Barbe', 'Tazz', 100, 7971, 'noimage.png', 'nunc purus phasellus in felis donec semper sapien a libero nam dui proin leo odio porttitor id consequat in consequat', '품절', '2021-01-11 00:00:00', '2021-09-23 00:00:00'),
	(432, '180045542-9', '외국어', 'Bytecard', 'Moses', 'Feednation', 100, 11777, 'noimage.png', 'faucibus orci luctus et ultrices posuere cubilia curae donec pharetra magna vestibulum aliquet ultrices erat tortor sollicitudin mi', '판매중', '2021-05-14 00:00:00', '2021-09-23 00:00:00'),
	(433, '125278262-4', '외국어', 'Keylex', 'Renata', 'Zoozzy', 100, 20698, 'noimage.png', 'ultrices aliquet maecenas leo odio condimentum id luctus nec molestie sed justo pellentesque', '구편절판', '2021-01-03 00:00:00', '2021-09-23 00:00:00'),
	(434, '471849217-3', '소설', 'Zathin', 'Viki', 'Realcube', 100, 19836, 'noimage.png', 'sit amet lobortis sapien sapien non mi integer ac neque duis bibendum morbi non', '절판', '2021-04-15 00:00:00', '2021-09-23 00:00:00'),
	(435, '852292276-4', '만화', 'Y-Solowarm', 'Ashely', 'Flashset', 100, 21292, 'noimage.png', 'fusce congue diam id ornare imperdiet sapien urna pretium nisl', '품절', '2021-08-25 00:00:00', '2021-09-23 00:00:00'),
	(436, '799404621-5', '소설', 'Cardguard', 'Lemmie', 'Tavu', 100, 29581, 'noimage.png', 'convallis tortor risus dapibus augue vel accumsan tellus nisi eu orci mauris lacinia sapien quis libero nullam sit amet', '품절', '2021-02-09 00:00:00', '2021-09-23 00:00:00'),
	(437, '584893721-4', '경제', 'Redhold', 'Helen', 'Rhycero', 100, 15667, 'noimage.png', 'ante vivamus tortor duis mattis egestas metus aenean fermentum donec ut mauris eget massa tempor', '판매중', '2020-12-27 00:00:00', '2021-09-23 00:00:00'),
	(438, '165163643-5', '외국어', 'Alpha', 'Cathee', 'Thoughtworks', 100, 20838, 'noimage.png', 'in consequat ut nulla sed accumsan felis ut at dolor quis odio consequat varius integer', '절판', '2020-10-29 00:00:00', '2021-09-23 00:00:00'),
	(439, '709604189-3', '경제', 'Solarbreeze', 'Kerri', 'Skynoodle', 100, 23490, 'noimage.png', 'luctus nec molestie sed justo pellentesque viverra pede ac diam cras', '절판', '2020-12-17 00:00:00', '2021-09-23 00:00:00'),
	(440, '655246569-6', '외국어', 'Subin', 'Lloyd', 'Gabcube', 100, 7752, 'noimage.png', 'orci luctus et ultrices posuere cubilia curae donec pharetra magna vestibulum aliquet ultrices erat tortor sollicitudin mi sit amet lobortis', '품절', '2020-12-21 00:00:00', '2021-09-23 00:00:00'),
	(441, '210843193-4', '외국어', 'Duobam', 'Liza', 'Jaxbean', 100, 25808, 'noimage.png', 'porttitor lorem id ligula suspendisse ornare consequat lectus in est risus auctor sed', '절판', '2021-01-21 00:00:00', '2021-09-23 00:00:00'),
	(442, '013824326-3', '만화', 'Voyatouch', 'Rayshell', 'Tagfeed', 100, 20511, 'noimage.png', 'dictumst morbi vestibulum velit id pretium iaculis diam erat fermentum', '판매중', '2021-09-04 00:00:00', '2021-09-23 00:00:00'),
	(443, '503655210-5', '외국어', 'Greenlam', 'Lonnie', 'Brainsphere', 100, 11554, 'noimage.png', 'congue eget semper rutrum nulla nunc purus phasellus in felis donec semper sapien a libero nam', '품절', '2021-03-17 00:00:00', '2021-09-23 00:00:00'),
	(444, '491246542-9', '만화', 'Matsoft', 'Dory', 'Gigashots', 100, 21892, 'noimage.png', 'etiam justo etiam pretium iaculis justo in hac habitasse platea dictumst', '품절', '2020-12-05 00:00:00', '2021-09-23 00:00:00'),
	(445, '115815148-9', '만화', 'Bitchip', 'Nick', 'Wordpedia', 100, 9616, 'noimage.png', 'facilisi cras non velit nec nisi vulputate nonummy maecenas tincidunt lacus at velit vivamus vel nulla eget', '구편절판', '2021-02-01 00:00:00', '2021-09-23 00:00:00'),
	(446, '415254613-1', '여행', 'Duobam', 'Sibilla', 'Vinder', 100, 20118, 'noimage.png', 'nisl duis ac nibh fusce lacus purus aliquet at feugiat non pretium quis lectus suspendisse', '절판', '2021-03-25 00:00:00', '2021-09-23 00:00:00'),
	(447, '236182648-8', '만화', 'Regrant', 'Ianthe', 'Fatz', 100, 14353, 'noimage.png', 'vehicula condimentum curabitur in libero ut massa volutpat convallis morbi odio odio elementum eu', '판매중', '2020-12-10 00:00:00', '2021-09-23 00:00:00'),
	(448, '178690774-7', '소설', 'Bitwolf', 'Bette', 'Quimba', 100, 19223, 'noimage.png', 'convallis nunc proin at turpis a pede posuere nonummy integer', '구편절판', '2021-07-21 00:00:00', '2021-09-23 00:00:00'),
	(449, '351146950-3', '경제', 'Tempsoft', 'Larissa', 'Skinte', 100, 26236, 'noimage.png', 'nec nisi vulputate nonummy maecenas tincidunt lacus at velit vivamus vel nulla eget eros elementum pellentesque quisque', '품절', '2021-04-09 00:00:00', '2021-09-23 00:00:00'),
	(450, '219704635-7', '여행', 'Job', 'Emanuel', 'Twitternation', 100, 13203, 'noimage.png', 'erat nulla tempus vivamus in felis eu sapien cursus vestibulum proin eu mi nulla ac enim', '절판', '2020-12-09 00:00:00', '2021-09-23 00:00:00'),
	(451, '112082663-2', '여행', 'Veribet', 'Aristotle', 'Dabjam', 100, 9917, 'noimage.png', 'fermentum justo nec condimentum neque sapien placerat ante nulla justo aliquam quis turpis eget elit sodales scelerisque mauris sit', '판매중', '2021-06-29 00:00:00', '2021-09-23 00:00:00'),
	(452, '634011031-2', '소설', 'Lotlux', 'Emelyne', 'Vipe', 100, 11393, 'noimage.png', 'lacus morbi quis tortor id nulla ultrices aliquet maecenas leo odio', '절판', '2021-05-12 00:00:00', '2021-09-23 00:00:00'),
	(453, '643233747-X', '외국어', 'Domainer', 'Cymbre', 'Cogibox', 100, 12155, 'noimage.png', 'ultrices posuere cubilia curae nulla dapibus dolor vel est donec odio justo sollicitudin ut suscipit', '구편절판', '2021-07-11 00:00:00', '2021-09-23 00:00:00'),
	(454, '311000999-4', '소설', 'Voltsillam', 'Niccolo', 'Bluejam', 100, 17990, 'noimage.png', 'porttitor lacus at turpis donec posuere metus vitae ipsum aliquam non mauris morbi non', '판매중', '2021-02-26 00:00:00', '2021-09-23 00:00:00'),
	(455, '240199489-0', '외국어', 'Flowdesk', 'Melli', 'Skilith', 100, 16751, 'noimage.png', 'euismod scelerisque quam turpis adipiscing lorem vitae mattis nibh ligula nec sem duis aliquam convallis', '품절', '2020-10-27 00:00:00', '2021-09-23 00:00:00'),
	(456, '391857827-5', '소설', 'Tresom', 'Felicio', 'Tagchat', 100, 26222, 'noimage.png', 'sit amet nunc viverra dapibus nulla suscipit ligula in lacus curabitur at', '절판', '2020-12-23 00:00:00', '2021-09-23 00:00:00'),
	(457, '228149504-3', '만화', 'Job', 'Millard', 'Meevee', 100, 5872, 'noimage.png', 'in libero ut massa volutpat convallis morbi odio odio elementum eu interdum eu tincidunt in leo maecenas', '품절', '2021-06-04 00:00:00', '2021-09-23 00:00:00'),
	(458, '519334274-4', '여행', 'Tin', 'Garold', 'Thoughtstorm', 100, 5899, 'noimage.png', 'in leo maecenas pulvinar lobortis est phasellus sit amet erat nulla tempus vivamus in felis eu sapien cursus vestibulum proin', '절판', '2021-04-23 00:00:00', '2021-09-23 00:00:00'),
	(459, '199247045-6', '소설', 'Subin', 'Jeannette', 'Skivee', 100, 10703, 'noimage.png', 'praesent blandit nam nulla integer pede justo lacinia eget tincidunt', '판매중', '2020-12-28 00:00:00', '2021-09-23 00:00:00'),
	(460, '949402117-7', '경제', 'Rank', 'Coralie', 'Brightbean', 100, 15888, 'noimage.png', 'in consequat ut nulla sed accumsan felis ut at dolor', '구편절판', '2021-06-27 00:00:00', '2021-09-23 00:00:00'),
	(461, '307067714-2', '여행', 'Pannier', 'Zondra', 'Yakitri', 100, 15922, 'noimage.png', 'accumsan felis ut at dolor quis odio consequat varius integer ac leo pellentesque ultrices', '품절', '2021-05-29 00:00:00', '2021-09-23 00:00:00'),
	(462, '429187803-6', '소설', 'Cardguard', 'Enoch', 'Katz', 100, 7011, 'noimage.png', 'justo etiam pretium iaculis justo in hac habitasse platea dictumst etiam faucibus cursus urna ut tellus nulla ut', '품절', '2021-03-14 00:00:00', '2021-09-23 00:00:00'),
	(463, '184601072-1', '경제', 'Stringtough', 'Nancy', 'Wikibox', 100, 7694, 'noimage.png', 'elementum pellentesque quisque porta volutpat erat quisque erat eros viverra eget congue eget semper rutrum nulla', '구편절판', '2020-10-20 00:00:00', '2021-09-23 00:00:00'),
	(464, '976538515-3', '외국어', 'Span', 'Porter', 'Zoomlounge', 100, 23261, 'noimage.png', 'vestibulum eget vulputate ut ultrices vel augue vestibulum ante ipsum primis in', '구편절판', '2021-08-31 00:00:00', '2021-09-23 00:00:00'),
	(465, '418914630-7', '여행', 'Toughjoyfax', 'Waverly', 'Roombo', 100, 29683, 'noimage.png', 'semper porta volutpat quam pede lobortis ligula sit amet eleifend pede libero quis orci nullam molestie nibh', '판매중', '2021-07-06 00:00:00', '2021-09-23 00:00:00'),
	(466, '430569323-2', '여행', 'Voltsillam', 'Glendon', 'Oozz', 100, 24257, 'noimage.png', 'lacinia sapien quis libero nullam sit amet turpis elementum ligula vehicula', '판매중', '2020-10-31 00:00:00', '2021-09-23 00:00:00'),
	(467, '405413031-3', '외국어', 'Wrapsafe', 'Joya', 'Gabtune', 100, 20125, 'noimage.png', 'justo sit amet sapien dignissim vestibulum vestibulum ante ipsum primis in faucibus orci luctus et ultrices', '절판', '2020-10-25 00:00:00', '2021-09-23 00:00:00'),
	(468, '651259594-7', '경제', 'Matsoft', 'Harlin', 'Devbug', 100, 19142, 'noimage.png', 'sapien urna pretium nisl ut volutpat sapien arcu sed augue', '품절', '2021-04-19 00:00:00', '2021-09-23 00:00:00'),
	(469, '264117077-9', '외국어', 'Flexidy', 'Shawna', 'Skaboo', 100, 6416, 'noimage.png', 'est lacinia nisi venenatis tristique fusce congue diam id ornare imperdiet sapien urna pretium nisl ut', '절판', '2020-12-08 00:00:00', '2021-09-23 00:00:00'),
	(470, '099535181-3', '경제', 'Ronstring', 'Noel', 'Jayo', 100, 16903, 'noimage.png', 'sagittis nam congue risus semper porta volutpat quam pede lobortis ligula sit amet eleifend pede libero quis orci nullam', '구편절판', '2021-05-29 00:00:00', '2021-09-23 00:00:00'),
	(471, '078343732-3', '소설', 'Trippledex', 'Pia', 'Linkbridge', 100, 29281, 'noimage.png', 'interdum mauris non ligula pellentesque ultrices phasellus id sapien in sapien iaculis congue vivamus metus arcu adipiscing', '판매중', '2021-06-30 00:00:00', '2021-09-23 00:00:00'),
	(472, '449071598-6', '만화', 'Fintone', 'Jody', 'Twitterlist', 100, 23345, 'noimage.png', 'sit amet nunc viverra dapibus nulla suscipit ligula in lacus curabitur', '구편절판', '2021-05-10 00:00:00', '2021-09-23 00:00:00'),
	(473, '944374401-5', '만화', 'Pannier', 'Berkeley', 'Zoonder', 100, 25519, 'noimage.png', 'libero ut massa volutpat convallis morbi odio odio elementum eu interdum eu tincidunt in leo maecenas pulvinar lobortis est', '절판', '2021-03-30 00:00:00', '2021-09-23 00:00:00'),
	(474, '752925225-9', '경제', 'Hatity', 'Wrennie', 'Yamia', 100, 7140, 'noimage.png', 'eleifend quam a odio in hac habitasse platea dictumst maecenas ut massa quis augue luctus tincidunt nulla mollis molestie', '판매중', '2021-07-29 00:00:00', '2021-09-23 00:00:00'),
	(475, '540218267-1', '외국어', 'Overhold', 'Caz', 'Rooxo', 100, 15032, 'noimage.png', 'odio cras mi pede malesuada in imperdiet et commodo vulputate justo in blandit ultrices enim lorem ipsum dolor', '판매중', '2021-06-23 00:00:00', '2021-09-23 00:00:00'),
	(476, '873330855-1', '여행', 'Gembucket', 'Lexy', 'Flipbug', 100, 22650, 'noimage.png', 'quam a odio in hac habitasse platea dictumst maecenas ut massa quis augue luctus tincidunt nulla', '절판', '2021-01-14 00:00:00', '2021-09-23 00:00:00'),
	(477, '659825447-7', '경제', 'Stim', 'Shamus', 'Tagfeed', 100, 14359, 'noimage.png', 'morbi vestibulum velit id pretium iaculis diam erat fermentum justo nec condimentum neque sapien placerat ante nulla justo', '구편절판', '2021-08-08 00:00:00', '2021-09-23 00:00:00'),
	(478, '424616014-8', '소설', 'Daltfresh', 'Blanca', 'Ntags', 100, 13529, 'noimage.png', 'amet sapien dignissim vestibulum vestibulum ante ipsum primis in faucibus orci luctus et ultrices posuere cubilia curae', '판매중', '2021-01-12 00:00:00', '2021-09-23 00:00:00'),
	(479, '050843991-4', '외국어', 'Voyatouch', 'Melosa', 'Gigaclub', 100, 8507, 'noimage.png', 'phasellus sit amet erat nulla tempus vivamus in felis eu sapien cursus vestibulum proin eu mi nulla ac', '판매중', '2021-07-15 00:00:00', '2021-09-23 00:00:00'),
	(480, '608305761-2', '소설', 'Home Ing', 'Scarface', 'Jabberbean', 100, 11198, 'noimage.png', 'est donec odio justo sollicitudin ut suscipit a feugiat et eros vestibulum ac est lacinia', '판매중', '2020-11-04 00:00:00', '2021-09-23 00:00:00'),
	(481, '054006088-7', '소설', 'Fix San', 'Rhodie', 'Aimbu', 100, 15844, 'noimage.png', 'in imperdiet et commodo vulputate justo in blandit ultrices enim lorem ipsum dolor sit amet consectetuer adipiscing elit', '판매중', '2021-06-24 00:00:00', '2021-09-23 00:00:00'),
	(482, '263426072-5', '만화', 'Domainer', 'Rouvin', 'Zoomlounge', 100, 5061, 'noimage.png', 'nulla neque libero convallis eget eleifend luctus ultricies eu nibh quisque id justo sit amet sapien dignissim vestibulum', '구편절판', '2021-07-09 00:00:00', '2021-09-23 00:00:00'),
	(483, '461811586-6', '경제', 'Zaam-Dox', 'Felizio', 'Jaloo', 100, 29344, 'noimage.png', 'in imperdiet et commodo vulputate justo in blandit ultrices enim lorem', '구편절판', '2020-09-25 00:00:00', '2021-09-23 00:00:00'),
	(484, '455814041-X', '만화', 'Zathin', 'Suzanne', 'Skynoodle', 100, 29450, 'noimage.png', 'pellentesque eget nunc donec quis orci eget orci vehicula condimentum curabitur in', '품절', '2020-11-08 00:00:00', '2021-09-23 00:00:00'),
	(485, '875439605-0', '소설', 'It', 'Jaquelin', 'Twitternation', 100, 10406, 'noimage.png', 'non lectus aliquam sit amet diam in magna bibendum imperdiet nullam orci', '구편절판', '2021-05-13 00:00:00', '2021-09-23 00:00:00'),
	(486, '262378864-2', '외국어', 'Bitwolf', 'Lenora', 'Zoovu', 100, 22513, 'noimage.png', 'quam nec dui luctus rutrum nulla tellus in sagittis dui vel nisl duis ac nibh fusce', '절판', '2021-01-26 00:00:00', '2021-09-23 00:00:00'),
	(487, '843358207-0', '경제', 'Wrapsafe', 'Jeramey', 'LiveZ', 100, 10299, 'noimage.png', 'vel sem sed sagittis nam congue risus semper porta volutpat quam pede lobortis ligula sit', '절판', '2021-02-27 00:00:00', '2021-09-23 00:00:00'),
	(488, '402366584-3', '외국어', 'Kanlam', 'Dav', 'Feedbug', 100, 25725, 'noimage.png', 'amet diam in magna bibendum imperdiet nullam orci pede venenatis non', '품절', '2021-02-22 00:00:00', '2021-09-23 00:00:00'),
	(489, '141850160-3', '경제', 'Holdlamis', 'Duke', 'Dabfeed', 100, 22699, 'noimage.png', 'nulla neque libero convallis eget eleifend luctus ultricies eu nibh quisque id justo sit amet sapien dignissim vestibulum', '절판', '2020-10-17 00:00:00', '2021-09-23 00:00:00'),
	(490, '217746633-4', '만화', 'Asoka', 'Cicely', 'Divanoodle', 100, 18446, 'noimage.png', 'imperdiet nullam orci pede venenatis non sodales sed tincidunt eu felis fusce', '구편절판', '2020-09-25 00:00:00', '2021-09-23 00:00:00'),
	(491, '535437720-X', '외국어', 'Fix San', 'Mellisent', 'Dynabox', 100, 21067, 'noimage.png', 'donec pharetra magna vestibulum aliquet ultrices erat tortor sollicitudin mi sit amet lobortis sapien sapien non mi integer ac neque', '판매중', '2020-10-06 00:00:00', '2021-09-23 00:00:00'),
	(492, '878418773-5', '여행', 'Voyatouch', 'Ted', 'Dynazzy', 100, 8831, 'noimage.png', 'pede ac diam cras pellentesque volutpat dui maecenas tristique est et tempus semper est quam pharetra magna ac consequat metus', '품절', '2021-03-24 00:00:00', '2021-09-23 00:00:00'),
	(493, '037575091-6', '경제', 'Alphazap', 'Peggy', 'Aimbo', 100, 6580, 'noimage.png', 'sit amet sapien dignissim vestibulum vestibulum ante ipsum primis in faucibus orci luctus et ultrices posuere cubilia curae', '품절', '2020-12-27 00:00:00', '2021-09-23 00:00:00'),
	(494, '568593522-6', '만화', 'Rank', 'Nydia', 'Bubbletube', 100, 5855, 'noimage.png', 'curae nulla dapibus dolor vel est donec odio justo sollicitudin ut suscipit a feugiat et eros vestibulum', '판매중', '2021-05-21 00:00:00', '2021-09-23 00:00:00'),
	(495, '861806705-9', '소설', 'Tempsoft', 'Deeyn', 'Buzzster', 100, 29439, 'noimage.png', 'enim blandit mi in porttitor pede justo eu massa donec dapibus duis at velit eu est congue elementum in', '구편절판', '2021-05-10 00:00:00', '2021-09-23 00:00:00'),
	(496, '082375235-6', '여행', 'Namfix', 'Arnaldo', 'Chatterpoint', 100, 28517, 'noimage.png', 'placerat ante nulla justo aliquam quis turpis eget elit sodales scelerisque mauris sit amet eros suspendisse accumsan tortor', '판매중', '2021-08-29 00:00:00', '2021-09-23 00:00:00'),
	(497, '014379209-1', '소설', 'Transcof', 'Bradly', 'Edgeclub', 100, 27397, 'noimage.png', 'cursus id turpis integer aliquet massa id lobortis convallis tortor', '구편절판', '2020-12-01 00:00:00', '2021-09-23 00:00:00'),
	(498, '849907249-6', '외국어', 'Daltfresh', 'Ginevra', 'Centimia', 100, 7368, 'noimage.png', 'massa quis augue luctus tincidunt nulla mollis molestie lorem quisque', '절판', '2021-02-28 00:00:00', '2021-09-23 00:00:00'),
	(499, '104250394-X', '여행', 'Wrapsafe', 'Astrid', 'Cogibox', 100, 18453, 'noimage.png', 'morbi sem mauris laoreet ut rhoncus aliquet pulvinar sed nisl nunc rhoncus dui vel sem sed sagittis', '판매중', '2020-09-24 00:00:00', '2021-09-23 00:00:00'),
	(500, '203624651-6', '외국어', 'Bytecard', 'Sonja', 'Blogpad', 100, 15189, 'noimage.png', 'interdum eu tincidunt in leo maecenas pulvinar lobortis est phasellus sit', '구편절판', '2021-04-26 00:00:00', '2021-09-23 00:00:00'),
	(501, '059669281-1', '만화', 'Zathin', 'Berty', 'Dazzlesphere', 100, 8613, 'noimage.png', 'erat curabitur gravida nisi at nibh in hac habitasse platea dictumst', '품절', '2021-04-07 00:00:00', '2021-09-23 00:00:00'),
	(502, '746427478-4', '외국어', 'Gembucket', 'Orran', 'Ainyx', 100, 21908, 'noimage.png', 'interdum in ante vestibulum ante ipsum primis in faucibus orci luctus', '판매중', '2021-06-23 00:00:00', '2021-09-23 00:00:00'),
	(503, '868483601-4', '여행', 'Sub-Ex', 'Austine', 'Jabbertype', 100, 25755, 'noimage.png', 'ultrices posuere cubilia curae mauris viverra diam vitae quam suspendisse potenti nullam porttitor lacus at turpis donec posuere metus', '구편절판', '2021-03-01 00:00:00', '2021-09-23 00:00:00'),
	(504, '739896803-5', '여행', 'Solarbreeze', 'Leopold', 'Kwilith', 100, 6747, 'noimage.png', 'ultrices libero non mattis pulvinar nulla pede ullamcorper augue a suscipit nulla elit ac nulla sed vel enim sit amet', '품절', '2021-03-23 00:00:00', '2021-09-23 00:00:00'),
	(505, '516670941-1', '소설', 'Fixflex', 'Phaidra', 'Oozz', 100, 13182, 'noimage.png', 'sed justo pellentesque viverra pede ac diam cras pellentesque volutpat dui maecenas', '판매중', '2021-06-09 00:00:00', '2021-09-23 00:00:00'),
	(506, '480404372-1', '만화', 'Quo Lux', 'Richmound', 'Cogilith', 100, 6606, 'noimage.png', 'leo pellentesque ultrices mattis odio donec vitae nisi nam ultrices libero non mattis pulvinar nulla pede ullamcorper augue a', '절판', '2021-03-24 00:00:00', '2021-09-23 00:00:00'),
	(507, '215525651-5', '여행', 'Overhold', 'Garold', 'Ooba', 100, 7391, 'noimage.png', 'luctus et ultrices posuere cubilia curae mauris viverra diam vitae quam suspendisse potenti', '절판', '2021-06-30 00:00:00', '2021-09-23 00:00:00'),
	(508, '820148155-0', '외국어', 'Tres-Zap', 'Casi', 'Gigabox', 100, 29166, 'noimage.png', 'ridiculus mus etiam vel augue vestibulum rutrum rutrum neque aenean auctor gravida sem', '품절', '2021-01-03 00:00:00', '2021-09-23 00:00:00'),
	(509, '263757666-9', '외국어', 'Ronstring', 'Lyndsey', 'Kazu', 100, 6065, 'noimage.png', 'cubilia curae donec pharetra magna vestibulum aliquet ultrices erat tortor sollicitudin mi sit amet', '구편절판', '2020-10-27 00:00:00', '2021-09-23 00:00:00'),
	(510, '189674016-2', '만화', 'Alphazap', 'Clare', 'Devbug', 100, 27461, 'noimage.png', 'mattis odio donec vitae nisi nam ultrices libero non mattis pulvinar nulla pede', '판매중', '2020-10-15 00:00:00', '2021-09-23 00:00:00'),
	(511, '749831866-0', '경제', 'Alpha', 'Elia', 'Zoomdog', 100, 6923, 'noimage.png', 'sollicitudin vitae consectetuer eget rutrum at lorem integer tincidunt ante vel ipsum praesent blandit lacinia erat vestibulum sed magna', '품절', '2021-03-12 00:00:00', '2021-09-23 00:00:00'),
	(512, '360866226-X', '여행', 'Konklab', 'Alissa', 'Innotype', 100, 20753, 'noimage.png', 'adipiscing lorem vitae mattis nibh ligula nec sem duis aliquam convallis nunc proin at turpis a', '절판', '2020-12-24 00:00:00', '2021-09-23 00:00:00'),
	(513, '034032142-3', '만화', 'Cookley', 'Kerianne', 'Tambee', 100, 8717, 'noimage.png', 'ipsum dolor sit amet consectetuer adipiscing elit proin interdum mauris non ligula pellentesque ultrices phasellus id sapien in', '판매중', '2020-12-17 00:00:00', '2021-09-23 00:00:00'),
	(514, '183315330-8', '소설', 'Toughjoyfax', 'Risa', 'Photobug', 100, 22055, 'noimage.png', 'justo aliquam quis turpis eget elit sodales scelerisque mauris sit amet eros suspendisse', '절판', '2020-10-21 00:00:00', '2021-09-23 00:00:00'),
	(515, '586279655-X', '소설', 'Quo Lux', 'Ann-marie', 'Gabspot', 100, 5521, 'noimage.png', 'quisque porta volutpat erat quisque erat eros viverra eget congue eget semper rutrum nulla nunc purus', '판매중', '2021-06-18 00:00:00', '2021-09-23 00:00:00'),
	(516, '575140295-2', '외국어', 'Konklab', 'Corliss', 'Topiclounge', 100, 23915, 'noimage.png', 'rhoncus mauris enim leo rhoncus sed vestibulum sit amet cursus id turpis integer aliquet massa id lobortis convallis', '구편절판', '2021-08-23 00:00:00', '2021-09-23 00:00:00'),
	(517, '121189126-7', '만화', 'Toughjoyfax', 'Lia', 'Leenti', 100, 7091, 'noimage.png', 'montes nascetur ridiculus mus etiam vel augue vestibulum rutrum rutrum neque', '품절', '2021-08-13 00:00:00', '2021-09-23 00:00:00'),
	(518, '696152292-0', '소설', 'Pannier', 'Donielle', 'Skidoo', 100, 8080, 'noimage.png', 'eros elementum pellentesque quisque porta volutpat erat quisque erat eros viverra eget congue eget semper rutrum nulla nunc purus phasellus', '판매중', '2020-12-07 00:00:00', '2021-09-23 00:00:00'),
	(519, '729520151-3', '경제', 'Sub-Ex', 'Arvie', 'Jabbersphere', 100, 26992, 'noimage.png', 'proin at turpis a pede posuere nonummy integer non velit donec diam neque vestibulum eget vulputate ut ultrices', '판매중', '2020-10-18 00:00:00', '2021-09-23 00:00:00'),
	(520, '413180741-6', '외국어', 'Voltsillam', 'Tymon', 'Centizu', 100, 18804, 'noimage.png', 'cursus id turpis integer aliquet massa id lobortis convallis tortor risus dapibus augue vel accumsan tellus', '판매중', '2021-06-25 00:00:00', '2021-09-23 00:00:00'),
	(521, '132794331-X', '경제', 'Cookley', 'Eustacia', 'Rhyloo', 100, 26247, 'noimage.png', 'vestibulum sagittis sapien cum sociis natoque penatibus et magnis dis parturient montes nascetur ridiculus mus etiam vel augue', '품절', '2021-01-13 00:00:00', '2021-09-23 00:00:00'),
	(522, '182574919-1', '외국어', 'Temp', 'Zorine', 'Roodel', 100, 13956, 'noimage.png', 'penatibus et magnis dis parturient montes nascetur ridiculus mus vivamus vestibulum sagittis sapien cum sociis natoque penatibus et', '절판', '2021-06-21 00:00:00', '2021-09-23 00:00:00'),
	(523, '540966337-3', '여행', 'Tin', 'Ciel', 'Yambee', 100, 6600, 'b.jpg', 'sapien sapien non mi integer ac neque duis bibendum morbi non quam nec dui luctus rutrum', '구편절판', '2021-09-22 00:00:00', '2021-09-23 00:00:00'),
	(524, '500785335-6', '외국어', 'Tin', 'Portia', 'Teklist', 100, 24128, 'noimage.png', 'ultrices mattis odio donec vitae nisi nam ultrices libero non mattis pulvinar nulla pede ullamcorper augue a', '구편절판', '2021-06-19 00:00:00', '2021-09-23 00:00:00'),
	(525, '078288224-2', '소설', 'Voltsillam', 'Josh', 'Einti', 100, 9213, 'noimage.png', 'sed interdum venenatis turpis enim blandit mi in porttitor pede justo eu massa donec dapibus', '품절', '2020-11-26 00:00:00', '2021-09-23 00:00:00'),
	(526, '614245953-X', '소설', 'Sonair', 'Rawley', 'Plambee', 100, 10993, 'noimage.png', 'vitae quam suspendisse potenti nullam porttitor lacus at turpis donec posuere metus vitae ipsum', '품절', '2021-09-15 00:00:00', '2021-09-23 00:00:00'),
	(527, '738541728-0', '경제', 'Konklux', 'Nanny', 'Skinix', 100, 25431, 'noimage.png', 'nulla ac enim in tempor turpis nec euismod scelerisque quam turpis adipiscing lorem', '판매중', '2021-06-16 00:00:00', '2021-09-23 00:00:00'),
	(528, '804155289-7', '외국어', 'Bigtax', 'Camella', 'Photobug', 100, 22998, 'noimage.png', 'molestie nibh in lectus pellentesque at nulla suspendisse potenti cras in purus eu magna vulputate', '품절', '2021-04-08 00:00:00', '2021-09-23 00:00:00'),
	(529, '016400970-1', '여행', 'Cookley', 'Merridie', 'Rooxo', 100, 23331, 'noimage.png', 'mattis pulvinar nulla pede ullamcorper augue a suscipit nulla elit ac nulla sed', '품절', '2021-04-24 00:00:00', '2021-09-23 00:00:00'),
	(530, '525075046-X', '만화', 'Holdlamis', 'Gideon', 'Topicstorm', 100, 14458, 'noimage.png', 'rhoncus dui vel sem sed sagittis nam congue risus semper porta volutpat quam pede lobortis ligula sit amet eleifend pede', '구편절판', '2021-06-19 00:00:00', '2021-09-23 00:00:00'),
	(531, '031902578-0', '만화', 'Bitwolf', 'Garrick', 'Topicware', 100, 24887, 'noimage.png', 'tellus nulla ut erat id mauris vulputate elementum nullam varius nulla facilisi cras non velit nec nisi vulputate', '품절', '2021-01-15 00:00:00', '2021-09-23 00:00:00'),
	(532, '026357655-8', '경제', 'Y-Solowarm', 'Dom', 'Kimia', 100, 9352, 'noimage.png', 'justo morbi ut odio cras mi pede malesuada in imperdiet et', '판매중', '2020-12-07 00:00:00', '2021-09-23 00:00:00'),
	(533, '270824465-5', '여행', 'Zathin', 'Paulie', 'Voomm', 100, 8033, 'noimage.png', 'viverra dapibus nulla suscipit ligula in lacus curabitur at ipsum ac tellus semper interdum mauris ullamcorper', '판매중', '2020-12-06 00:00:00', '2021-09-23 00:00:00'),
	(534, '628300523-3', '소설', 'Solarbreeze', 'Melosa', 'Yakitri', 100, 15543, 'noimage.png', 'augue a suscipit nulla elit ac nulla sed vel enim sit', '판매중', '2021-02-23 00:00:00', '2021-09-23 00:00:00'),
	(535, '170381915-2', '소설', 'Pannier', 'Alford', 'Oodoo', 100, 24542, 'noimage.png', 'magna at nunc commodo placerat praesent blandit nam nulla integer pede justo lacinia eget tincidunt eget tempus', '판매중', '2021-03-02 00:00:00', '2021-09-23 00:00:00'),
	(536, '956658322-2', '외국어', 'Vagram', 'Anabella', 'Devpulse', 100, 27791, 'noimage.png', 'interdum venenatis turpis enim blandit mi in porttitor pede justo eu massa donec', '구편절판', '2021-08-31 00:00:00', '2021-09-23 00:00:00'),
	(537, '761344103-2', '만화', 'Latlux', 'Tobi', 'Voomm', 100, 14962, 'noimage.png', 'ridiculus mus etiam vel augue vestibulum rutrum rutrum neque aenean auctor gravida sem praesent', '품절', '2021-08-13 00:00:00', '2021-09-23 00:00:00'),
	(538, '058822846-X', '소설', 'Stim', 'Justina', 'Jaxworks', 100, 20621, 'noimage.png', 'nisl duis ac nibh fusce lacus purus aliquet at feugiat non pretium quis lectus suspendisse potenti in', '구편절판', '2021-09-17 00:00:00', '2021-09-23 00:00:00'),
	(539, '492081592-1', '만화', 'Rank', 'Davine', 'Babbleset', 100, 11511, 'noimage.png', 'fusce congue diam id ornare imperdiet sapien urna pretium nisl ut volutpat sapien arcu sed', '구편절판', '2020-11-21 00:00:00', '2021-09-23 00:00:00'),
	(540, '660064475-3', '소설', 'Flexidy', 'Monica', 'Thoughtsphere', 100, 10600, 'noimage.png', 'vel ipsum praesent blandit lacinia erat vestibulum sed magna at nunc commodo placerat praesent blandit nam nulla integer pede justo', '구편절판', '2021-01-10 00:00:00', '2021-09-23 00:00:00'),
	(541, '017585759-8', '여행', 'Job', 'Osborne', 'Quaxo', 100, 19914, 'noimage.png', 'mi sit amet lobortis sapien sapien non mi integer ac neque duis', '절판', '2021-06-24 00:00:00', '2021-09-23 00:00:00'),
	(542, '766549817-5', '만화', 'Rank', 'Raff', 'Shuffledrive', 100, 22344, 'noimage.png', 'in lectus pellentesque at nulla suspendisse potenti cras in purus eu magna vulputate luctus cum sociis natoque penatibus', '품절', '2021-06-11 00:00:00', '2021-09-23 00:00:00'),
	(543, '008478376-1', '소설', 'It', 'Randa', 'Kaymbo', 100, 7467, 'noimage.png', 'neque duis bibendum morbi non quam nec dui luctus rutrum nulla tellus in sagittis dui', '판매중', '2021-08-05 00:00:00', '2021-09-23 00:00:00'),
	(544, '623641770-9', '외국어', 'Sub-Ex', 'Dollie', 'Zoonoodle', 100, 6720, 'noimage.png', 'lorem quisque ut erat curabitur gravida nisi at nibh in hac', '구편절판', '2020-12-22 00:00:00', '2021-09-23 00:00:00'),
	(545, '964904375-6', '경제', 'Span', 'Bryant', 'Einti', 100, 24687, 'noimage.png', 'elementum nullam varius nulla facilisi cras non velit nec nisi vulputate nonummy maecenas tincidunt', '절판', '2021-08-15 00:00:00', '2021-09-23 00:00:00'),
	(546, '340935533-2', '여행', 'Prodder', 'Deeanne', 'Feednation', 100, 8613, 'noimage.png', 'turpis adipiscing lorem vitae mattis nibh ligula nec sem duis aliquam convallis', '품절', '2020-12-13 00:00:00', '2021-09-23 00:00:00'),
	(547, '970352648-9', '만화', 'Konklab', 'Weylin', 'Eimbee', 100, 23351, 'noimage.png', 'in est risus auctor sed tristique in tempus sit amet sem fusce consequat nulla', '구편절판', '2021-04-02 00:00:00', '2021-09-23 00:00:00'),
	(548, '950964722-5', '여행', 'Alphazap', 'Frankie', 'Browsedrive', 100, 7753, 'noimage.png', 'pede lobortis ligula sit amet eleifend pede libero quis orci nullam molestie nibh in lectus pellentesque at nulla', '판매중', '2021-08-31 00:00:00', '2021-09-23 00:00:00'),
	(549, '045701655-8', '여행', 'Zamit', 'Solomon', 'Devbug', 100, 28942, 'noimage.png', 'integer non velit donec diam neque vestibulum eget vulputate ut ultrices vel augue vestibulum ante', '절판', '2021-08-09 00:00:00', '2021-09-23 00:00:00'),
	(550, '947660569-3', '경제', 'Span', 'Daniella', 'Dynabox', 100, 18814, 'noimage.png', 'id sapien in sapien iaculis congue vivamus metus arcu adipiscing molestie hendrerit at vulputate vitae nisl aenean lectus pellentesque eget', '품절', '2021-01-11 00:00:00', '2021-09-23 00:00:00'),
	(551, '588900565-0', '여행', 'Vagram', 'Ashley', 'Trilith', 100, 17098, 'noimage.png', 'rhoncus sed vestibulum sit amet cursus id turpis integer aliquet massa id lobortis convallis', '구편절판', '2021-05-10 00:00:00', '2021-09-23 00:00:00'),
	(552, '723526615-5', '만화', 'Viva', 'Alyssa', 'Katz', 100, 14384, 'noimage.png', 'enim lorem ipsum dolor sit amet consectetuer adipiscing elit proin interdum mauris non ligula pellentesque ultrices', '품절', '2021-05-18 00:00:00', '2021-09-23 00:00:00'),
	(553, '710758366-2', '외국어', 'Mat Lam Tam', 'Ange', 'Rhynoodle', 100, 25220, 'noimage.png', 'nunc donec quis orci eget orci vehicula condimentum curabitur in libero ut massa volutpat convallis morbi odio odio elementum', '품절', '2020-12-29 00:00:00', '2021-09-23 00:00:00'),
	(554, '559603750-8', '외국어', 'Bamity', 'Dael', 'Myworks', 100, 5817, 'noimage.png', 'in faucibus orci luctus et ultrices posuere cubilia curae nulla dapibus dolor', '판매중', '2020-11-08 00:00:00', '2021-09-23 00:00:00'),
	(555, '159967545-5', '만화', 'Regrant', 'Randolph', 'Livepath', 100, 23124, 'noimage.png', 'cras non velit nec nisi vulputate nonummy maecenas tincidunt lacus at velit vivamus vel nulla eget', '판매중', '2021-01-08 00:00:00', '2021-09-23 00:00:00'),
	(556, '379510696-6', '소설', 'Sonair', 'Broderic', 'Trudoo', 100, 12989, 'noimage.png', 'odio elementum eu interdum eu tincidunt in leo maecenas pulvinar lobortis est phasellus sit', '품절', '2021-08-02 00:00:00', '2021-09-23 00:00:00'),
	(557, '196301381-6', '여행', 'Namfix', 'Odele', 'Reallinks', 100, 29700, 'noimage.png', 'sodales scelerisque mauris sit amet eros suspendisse accumsan tortor quis', '품절', '2020-10-19 00:00:00', '2021-09-23 00:00:00'),
	(558, '384156862-9', '경제', 'Veribet', 'Lawton', 'JumpXS', 100, 13064, 'noimage.png', 'ultricies eu nibh quisque id justo sit amet sapien dignissim vestibulum vestibulum ante ipsum', '품절', '2021-04-06 00:00:00', '2021-09-23 00:00:00'),
	(559, '834967417-2', '만화', 'Hatity', 'Jonis', 'Twitterwire', 100, 27097, 'noimage.png', 'felis sed lacus morbi sem mauris laoreet ut rhoncus aliquet pulvinar sed', '판매중', '2021-07-10 00:00:00', '2021-09-23 00:00:00'),
	(560, '391714927-3', '여행', 'Kanlam', 'Far', 'Dynabox', 100, 24966, 'noimage.png', 'orci luctus et ultrices posuere cubilia curae nulla dapibus dolor vel est donec odio justo sollicitudin ut suscipit a', '판매중', '2021-01-07 00:00:00', '2021-09-23 00:00:00'),
	(561, '074865062-8', '외국어', 'Keylex', 'Jonie', 'Jetwire', 100, 14703, 'noimage.png', 'penatibus et magnis dis parturient montes nascetur ridiculus mus vivamus vestibulum sagittis', '판매중', '2020-12-29 00:00:00', '2021-09-23 00:00:00'),
	(562, '045667854-9', '소설', 'Greenlam', 'Carce', 'Bubblemix', 100, 12364, 'noimage.png', 'metus aenean fermentum donec ut mauris eget massa tempor convallis', '구편절판', '2021-07-05 00:00:00', '2021-09-23 00:00:00'),
	(563, '467799632-6', '소설', 'Wrapsafe', 'Merline', 'Blogspan', 100, 26338, 'noimage.png', 'donec semper sapien a libero nam dui proin leo odio porttitor id consequat in consequat ut nulla sed accumsan felis', '품절', '2021-02-23 00:00:00', '2021-09-23 00:00:00'),
	(564, '020564513-5', '외국어', 'Domainer', 'Michail', 'Topicware', 100, 8080, 'noimage.png', 'amet nunc viverra dapibus nulla suscipit ligula in lacus curabitur at ipsum ac', '구편절판', '2020-12-15 00:00:00', '2021-09-23 00:00:00'),
	(565, '363990759-0', '여행', 'Asoka', 'Robinett', 'Midel', 100, 28841, 'noimage.png', 'nulla pede ullamcorper augue a suscipit nulla elit ac nulla sed vel enim sit amet', '품절', '2020-11-17 00:00:00', '2021-09-23 00:00:00'),
	(566, '813320462-3', '여행', 'Zaam-Dox', 'Marcille', 'Flashpoint', 100, 15441, 'noimage.png', 'non ligula pellentesque ultrices phasellus id sapien in sapien iaculis', '절판', '2021-03-15 00:00:00', '2021-09-23 00:00:00'),
	(567, '429019349-8', '여행', 'Cardify', 'Agretha', 'Eazzy', 100, 6703, 'noimage.png', 'est donec odio justo sollicitudin ut suscipit a feugiat et eros vestibulum ac', '구편절판', '2020-10-01 00:00:00', '2021-09-23 00:00:00'),
	(568, '391431323-4', '경제', 'Latlux', 'Verena', 'Yakidoo', 100, 6532, 'noimage.png', 'leo maecenas pulvinar lobortis est phasellus sit amet erat nulla tempus', '절판', '2021-04-28 00:00:00', '2021-09-23 00:00:00'),
	(569, '779492369-7', '만화', 'Zathin', 'Neely', 'Meembee', 100, 20897, 'noimage.png', 'tristique fusce congue diam id ornare imperdiet sapien urna pretium nisl ut volutpat sapien', '절판', '2021-02-05 00:00:00', '2021-09-23 00:00:00'),
	(570, '974289489-2', '외국어', 'Daltfresh', 'Hermann', 'Feedfish', 100, 17608, 'noimage.png', 'porttitor lacus at turpis donec posuere metus vitae ipsum aliquam non', '품절', '2020-11-24 00:00:00', '2021-09-23 00:00:00'),
	(571, '065587273-6', '소설', 'Sonsing', 'Hobart', 'Tagopia', 100, 9739, 'noimage.png', 'diam vitae quam suspendisse potenti nullam porttitor lacus at turpis donec', '품절', '2021-07-09 00:00:00', '2021-09-23 00:00:00'),
	(572, '649556981-5', '경제', 'Temp', 'Cullin', 'Youbridge', 100, 6373, 'noimage.png', 'sollicitudin mi sit amet lobortis sapien sapien non mi integer', '절판', '2021-06-19 00:00:00', '2021-09-23 00:00:00'),
	(573, '558232293-0', '소설', 'Hatity', 'Benjie', 'Jaxbean', 100, 15592, 'noimage.png', 'eget elit sodales scelerisque mauris sit amet eros suspendisse accumsan tortor quis turpis sed ante vivamus tortor duis mattis', '판매중', '2021-06-12 00:00:00', '2021-09-23 00:00:00'),
	(574, '273944956-9', '외국어', 'Voltsillam', 'Doretta', 'Linkbridge', 100, 27948, 'noimage.png', 'maecenas leo odio condimentum id luctus nec molestie sed justo pellentesque viverra pede ac diam cras pellentesque volutpat dui', '절판', '2021-05-29 00:00:00', '2021-09-23 00:00:00'),
	(575, '431534456-7', '만화', 'Asoka', 'Maryanne', 'Yodoo', 100, 5916, 'noimage.png', 'justo sit amet sapien dignissim vestibulum vestibulum ante ipsum primis in faucibus orci luctus et ultrices posuere cubilia curae', '절판', '2021-08-19 00:00:00', '2021-09-23 00:00:00'),
	(576, '230608882-9', '경제', 'Kanlam', 'Jolee', 'Topiczoom', 100, 26419, 'noimage.png', 'sem fusce consequat nulla nisl nunc nisl duis bibendum felis sed interdum venenatis turpis enim blandit mi in porttitor pede', '품절', '2021-01-12 00:00:00', '2021-09-23 00:00:00'),
	(577, '139689783-6', '여행', 'Andalax', 'Theodora', 'Kwilith', 100, 25814, 'noimage.png', 'sed vel enim sit amet nunc viverra dapibus nulla suscipit ligula in lacus curabitur at ipsum', '판매중', '2021-05-15 00:00:00', '2021-09-23 00:00:00'),
	(578, '109900010-6', '만화', 'Fintone', 'Cleve', 'Minyx', 100, 18425, 'noimage.png', 'vehicula condimentum curabitur in libero ut massa volutpat convallis morbi odio', '절판', '2021-03-30 00:00:00', '2021-09-23 00:00:00'),
	(579, '847706905-0', '만화', 'Namfix', 'Graeme', 'Twinte', 100, 18915, 'noimage.png', 'metus arcu adipiscing molestie hendrerit at vulputate vitae nisl aenean lectus pellentesque eget', '절판', '2021-09-12 00:00:00', '2021-09-23 00:00:00'),
	(580, '181920479-0', '만화', 'Zontrax', 'Erhard', 'Youbridge', 100, 8116, 'noimage.png', 'cum sociis natoque penatibus et magnis dis parturient montes nascetur', '절판', '2021-01-03 00:00:00', '2021-09-23 00:00:00'),
	(581, '897061017-0', '경제', 'Sonair', 'Kathleen', 'Oyope', 100, 15131, 'noimage.png', 'posuere nonummy integer non velit donec diam neque vestibulum eget vulputate ut ultrices vel augue vestibulum ante ipsum primis in', '품절', '2021-04-12 00:00:00', '2021-09-23 00:00:00'),
	(582, '140826328-9', '소설', 'Lotstring', 'Glynis', 'Zoozzy', 100, 22428, 'noimage.png', 'accumsan tellus nisi eu orci mauris lacinia sapien quis libero nullam sit', '구편절판', '2020-10-13 00:00:00', '2021-09-23 00:00:00'),
	(583, '719401689-3', '경제', 'Hatity', 'Nate', 'Ainyx', 100, 28038, 'noimage.png', 'eget nunc donec quis orci eget orci vehicula condimentum curabitur in libero', '판매중', '2020-12-09 00:00:00', '2021-09-23 00:00:00'),
	(584, '862169970-2', '만화', 'Voltsillam', 'Philbert', 'Oyope', 100, 6680, 'noimage.png', 'pellentesque ultrices phasellus id sapien in sapien iaculis congue vivamus metus arcu adipiscing molestie', '구편절판', '2020-11-08 00:00:00', '2021-09-23 00:00:00'),
	(585, '011330429-3', '외국어', 'Subin', 'Doro', 'Avamba', 100, 17550, 'noimage.png', 'ultrices erat tortor sollicitudin mi sit amet lobortis sapien sapien non mi integer ac neque duis bibendum', '구편절판', '2020-10-01 00:00:00', '2021-09-23 00:00:00'),
	(586, '308738491-7', '경제', 'Viva', 'Hank', 'Skalith', 100, 12242, 'noimage.png', 'justo sit amet sapien dignissim vestibulum vestibulum ante ipsum primis in faucibus orci luctus et ultrices posuere cubilia curae', '판매중', '2021-08-19 00:00:00', '2021-09-23 00:00:00'),
	(587, '729266763-5', '만화', 'Subin', 'Yankee', 'Mybuzz', 100, 15819, 'noimage.png', 'curae mauris viverra diam vitae quam suspendisse potenti nullam porttitor lacus at', '절판', '2020-10-31 00:00:00', '2021-09-23 00:00:00'),
	(588, '259708389-6', '소설', 'Home Ing', 'Kendal', 'Skipfire', 100, 28089, 'noimage.png', 'ultrices posuere cubilia curae duis faucibus accumsan odio curabitur convallis duis consequat', '절판', '2021-06-17 00:00:00', '2021-09-23 00:00:00'),
	(589, '404070826-1', '외국어', 'Rank', 'Rebbecca', 'Realbuzz', 100, 6917, 'noimage.png', 'purus eu magna vulputate luctus cum sociis natoque penatibus et magnis dis parturient montes nascetur ridiculus mus', '품절', '2021-07-05 00:00:00', '2021-09-23 00:00:00'),
	(590, '364303469-5', '만화', 'Sonair', 'Ettie', 'Realfire', 100, 26120, 'noimage.png', 'eget semper rutrum nulla nunc purus phasellus in felis donec semper sapien a libero nam', '절판', '2021-02-13 00:00:00', '2021-09-23 00:00:00'),
	(591, '091182964-4', '외국어', 'Zathin', 'Louise', 'Tagtune', 100, 6211, 'noimage.png', 'congue vivamus metus arcu adipiscing molestie hendrerit at vulputate vitae', '절판', '2020-11-22 00:00:00', '2021-09-23 00:00:00'),
	(592, '579341305-7', '경제', 'Biodex', 'Queenie', 'Skibox', 100, 27161, 'noimage.png', 'hendrerit at vulputate vitae nisl aenean lectus pellentesque eget nunc donec quis orci eget orci', '판매중', '2021-07-08 00:00:00', '2021-09-23 00:00:00'),
	(593, '751445536-1', '여행', 'Bitwolf', 'Artemas', 'Plambee', 100, 20461, 'noimage.png', 'vulputate nonummy maecenas tincidunt lacus at velit vivamus vel nulla eget eros elementum pellentesque quisque porta', '절판', '2021-06-12 00:00:00', '2021-09-23 00:00:00'),
	(594, '764186787-1', '여행', 'Namfix', 'Parke', 'Wikivu', 100, 16180, 'noimage.png', 'nisl aenean lectus pellentesque eget nunc donec quis orci eget orci vehicula condimentum curabitur', '구편절판', '2021-05-04 00:00:00', '2021-09-23 00:00:00'),
	(595, '658982042-2', '소설', 'Tampflex', 'Clementius', 'Blogtags', 100, 17891, 'noimage.png', 'nunc purus phasellus in felis donec semper sapien a libero nam dui proin leo odio porttitor id consequat in', '절판', '2021-08-11 00:00:00', '2021-09-23 00:00:00'),
	(596, '954681455-5', '만화', 'Hatity', 'Caritta', 'Devpoint', 100, 17289, 'noimage.png', 'et ultrices posuere cubilia curae nulla dapibus dolor vel est', '품절', '2021-05-02 00:00:00', '2021-09-23 00:00:00'),
	(597, '005536941-3', '경제', 'Latlux', 'Conrad', 'Devpulse', 100, 24222, 'noimage.png', 'in tempor turpis nec euismod scelerisque quam turpis adipiscing lorem vitae mattis nibh ligula nec sem duis aliquam convallis', '구편절판', '2020-12-31 00:00:00', '2021-09-23 00:00:00'),
	(598, '952883312-8', '소설', 'Zaam-Dox', 'Rafaelita', 'Flashdog', 100, 9748, 'noimage.png', 'duis aliquam convallis nunc proin at turpis a pede posuere nonummy integer non velit donec diam neque vestibulum eget vulputate', '품절', '2020-11-08 00:00:00', '2021-09-23 00:00:00'),
	(599, '602261539-9', '여행', 'Duobam', 'Sherwin', 'Skimia', 100, 25084, 'noimage.png', 'libero non mattis pulvinar nulla pede ullamcorper augue a suscipit nulla elit ac nulla sed vel', '판매중', '2021-09-06 00:00:00', '2021-09-23 00:00:00'),
	(600, '447352182-6', '경제', 'Gembucket', 'Rosa', 'Rooxo', 100, 27146, 'noimage.png', 'aliquam sit amet diam in magna bibendum imperdiet nullam orci pede venenatis non sodales sed', '절판', '2021-05-31 00:00:00', '2021-09-23 00:00:00'),
	(601, '944072180-4', '외국어', 'Lotstring', 'Myrtia', 'Gabvine', 100, 29903, 'noimage.png', 'aenean auctor gravida sem praesent id massa id nisl venenatis lacinia aenean sit amet justo morbi ut odio cras', '판매중', '2021-06-14 00:00:00', '2021-09-23 00:00:00'),
	(602, '960398492-2', '여행', 'Fintone', 'Edgard', 'Quatz', 100, 20570, 'noimage.png', 'porttitor pede justo eu massa donec dapibus duis at velit eu est', '구편절판', '2020-12-21 00:00:00', '2021-09-23 00:00:00'),
	(603, '272478446-4', '외국어', 'Trippledex', 'Patrizius', 'Centimia', 100, 27563, 'noimage.png', 'ipsum primis in faucibus orci luctus et ultrices posuere cubilia curae nulla', '판매중', '2021-03-03 00:00:00', '2021-09-23 00:00:00'),
	(604, '843041366-9', '소설', 'Bigtax', 'Marjie', 'Kamba', 100, 20759, 'noimage.png', 'libero quis orci nullam molestie nibh in lectus pellentesque at nulla', '구편절판', '2021-08-06 00:00:00', '2021-09-23 00:00:00'),
	(605, '811318249-7', '여행', 'Holdlamis', 'Wallis', 'Roomm', 100, 5125, 'noimage.png', 'est risus auctor sed tristique in tempus sit amet sem fusce consequat nulla', '품절', '2021-05-12 00:00:00', '2021-09-23 00:00:00'),
	(606, '556698189-5', '여행', 'Stim', 'Lucille', 'Eidel', 100, 11346, 'noimage.png', 'duis mattis egestas metus aenean fermentum donec ut mauris eget massa tempor', '품절', '2021-04-09 00:00:00', '2021-09-23 00:00:00'),
	(607, '400391661-1', '경제', 'Sub-Ex', 'Alanson', 'Kwimbee', 100, 25813, 'noimage.png', 'porta volutpat erat quisque erat eros viverra eget congue eget semper rutrum nulla', '품절', '2021-01-13 00:00:00', '2021-09-23 00:00:00'),
	(608, '773466197-1', '만화', 'Viva', 'Randene', 'Skidoo', 100, 20878, 'noimage.png', 'accumsan tortor quis turpis sed ante vivamus tortor duis mattis egestas metus', '품절', '2021-04-13 00:00:00', '2021-09-23 00:00:00'),
	(609, '036911022-6', '외국어', 'Wrapsafe', 'Ryann', 'Minyx', 100, 29155, 'noimage.png', 'integer non velit donec diam neque vestibulum eget vulputate ut', '구편절판', '2021-04-24 00:00:00', '2021-09-23 00:00:00'),
	(610, '887573042-3', '경제', 'Span', 'Berne', 'Rhycero', 100, 24356, 'noimage.png', 'dictumst morbi vestibulum velit id pretium iaculis diam erat fermentum justo nec', '구편절판', '2021-08-29 00:00:00', '2021-09-23 00:00:00'),
	(611, '521926388-9', '경제', 'Tresom', 'Beverie', 'Dabfeed', 100, 20299, 'noimage.png', 'non pretium quis lectus suspendisse potenti in eleifend quam a odio in hac habitasse platea dictumst maecenas', '품절', '2021-06-28 00:00:00', '2021-09-23 00:00:00'),
	(612, '956050524-6', '여행', 'Job', 'Wilona', 'Skinder', 100, 6704, 'noimage.png', 'nibh ligula nec sem duis aliquam convallis nunc proin at turpis a pede posuere', '판매중', '2021-08-15 00:00:00', '2021-09-23 00:00:00'),
	(613, '026874783-0', '만화', 'Temp', 'Farly', 'Wikizz', 100, 12320, 'noimage.png', 'vestibulum ac est lacinia nisi venenatis tristique fusce congue diam id ornare', '절판', '2020-11-24 00:00:00', '2021-09-23 00:00:00'),
	(614, '181978347-2', '여행', 'Regrant', 'Karolina', 'Bubblebox', 100, 13101, 'noimage.png', 'at nunc commodo placerat praesent blandit nam nulla integer pede justo', '절판', '2020-12-23 00:00:00', '2021-09-23 00:00:00'),
	(615, '029871261-X', '만화', 'Daltfresh', 'Jan', 'Twitterlist', 100, 7210, 'noimage.png', 'blandit lacinia erat vestibulum sed magna at nunc commodo placerat praesent blandit nam', '절판', '2020-12-29 00:00:00', '2021-09-23 00:00:00'),
	(616, '217907165-5', '경제', 'Daltfresh', 'Daffy', 'Topicstorm', 100, 27995, 'noimage.png', 'dapibus duis at velit eu est congue elementum in hac habitasse platea dictumst morbi vestibulum velit id pretium', '절판', '2021-04-09 00:00:00', '2021-09-23 00:00:00'),
	(617, '607770205-6', '여행', 'Fix San', 'Fritz', 'Yacero', 100, 27843, 'noimage.png', 'in sapien iaculis congue vivamus metus arcu adipiscing molestie hendrerit at vulputate vitae nisl aenean lectus pellentesque eget nunc donec', '구편절판', '2020-10-15 00:00:00', '2021-09-23 00:00:00'),
	(618, '369675379-3', '외국어', 'Alphazap', 'Anica', 'Bubblemix', 100, 29681, 'noimage.png', 'maecenas rhoncus aliquam lacus morbi quis tortor id nulla ultrices', '품절', '2020-12-06 00:00:00', '2021-09-23 00:00:00'),
	(619, '108972807-7', '경제', 'Trippledex', 'Andris', 'Realbridge', 100, 24156, 'noimage.png', 'a odio in hac habitasse platea dictumst maecenas ut massa quis augue luctus tincidunt nulla mollis molestie lorem quisque', '품절', '2020-11-30 00:00:00', '2021-09-23 00:00:00'),
	(620, '863445207-7', '여행', 'Rank', 'Edgar', 'Oyoloo', 100, 7701, 'noimage.png', 'quis tortor id nulla ultrices aliquet maecenas leo odio condimentum id luctus nec molestie sed', '절판', '2021-01-25 00:00:00', '2021-09-23 00:00:00'),
	(621, '239798135-1', '경제', 'Flexidy', 'Farrand', 'Zooveo', 100, 18305, 'noimage.png', 'mus vivamus vestibulum sagittis sapien cum sociis natoque penatibus et magnis dis parturient montes nascetur ridiculus mus', '구편절판', '2020-10-03 00:00:00', '2021-09-23 00:00:00'),
	(622, '322771871-5', '경제', 'Otcom', 'Zonda', 'Flipstorm', 100, 10984, 'noimage.png', 'arcu sed augue aliquam erat volutpat in congue etiam justo etiam pretium iaculis justo in hac', '구편절판', '2021-04-07 00:00:00', '2021-09-23 00:00:00'),
	(623, '143651033-3', '만화', 'Stronghold', 'Binny', 'Fanoodle', 100, 5201, 'noimage.png', 'est quam pharetra magna ac consequat metus sapien ut nunc vestibulum ante ipsum', '판매중', '2021-08-01 00:00:00', '2021-09-23 00:00:00'),
	(624, '585772752-9', '경제', 'Zathin', 'Rikki', 'Voomm', 100, 12402, 'noimage.png', 'volutpat erat quisque erat eros viverra eget congue eget semper rutrum nulla nunc purus phasellus in felis donec semper sapien', '품절', '2020-12-02 00:00:00', '2021-09-23 00:00:00'),
	(625, '976858984-1', '여행', 'Alpha', 'Wilek', 'Realmix', 100, 28839, 'noimage.png', 'vestibulum sit amet cursus id turpis integer aliquet massa id lobortis convallis tortor risus dapibus', '판매중', '2020-11-03 00:00:00', '2021-09-23 00:00:00'),
	(626, '925445569-5', '여행', 'Vagram', 'Corinna', 'Yombu', 100, 27076, 'noimage.png', 'dictumst maecenas ut massa quis augue luctus tincidunt nulla mollis molestie lorem quisque ut erat curabitur gravida nisi at', '판매중', '2021-08-15 00:00:00', '2021-09-23 00:00:00'),
	(627, '232404020-4', '여행', 'Wrapsafe', 'Horatius', 'Browsebug', 100, 28011, 'noimage.png', 'primis in faucibus orci luctus et ultrices posuere cubilia curae mauris', '구편절판', '2021-07-04 00:00:00', '2021-09-23 00:00:00'),
	(628, '561055147-1', '외국어', 'Toughjoyfax', 'Mandy', 'Browsetype', 100, 25427, 'noimage.png', 'nisl venenatis lacinia aenean sit amet justo morbi ut odio cras mi pede malesuada in imperdiet et commodo vulputate justo', '판매중', '2021-08-04 00:00:00', '2021-09-23 00:00:00'),
	(629, '090229487-3', '만화', 'Flexidy', 'Colin', 'Yodo', 100, 19908, 'noimage.png', 'sed tristique in tempus sit amet sem fusce consequat nulla nisl nunc', '품절', '2020-11-08 00:00:00', '2021-09-23 00:00:00'),
	(630, '144235151-9', '외국어', 'Pannier', 'Selig', 'Quire', 100, 11564, 'noimage.png', 'hac habitasse platea dictumst morbi vestibulum velit id pretium iaculis diam', '품절', '2021-06-20 00:00:00', '2021-09-23 00:00:00'),
	(631, '747721298-7', '만화', 'Voyatouch', 'Christophorus', 'Rhynyx', 100, 6457, 'noimage.png', 'nulla ac enim in tempor turpis nec euismod scelerisque quam turpis adipiscing lorem vitae mattis nibh ligula nec sem', '절판', '2020-09-25 00:00:00', '2021-09-23 00:00:00'),
	(632, '750342827-9', '소설', 'Fix San', 'Ephrem', 'Kaymbo', 100, 15964, 'noimage.png', 'arcu sed augue aliquam erat volutpat in congue etiam justo etiam pretium iaculis justo in hac habitasse platea dictumst', '절판', '2020-11-09 00:00:00', '2021-09-23 00:00:00'),
	(633, '724848306-0', '만화', 'Sonsing', 'Gilbert', 'Oyonder', 100, 15393, 'noimage.png', 'hac habitasse platea dictumst aliquam augue quam sollicitudin vitae consectetuer', '품절', '2021-08-27 00:00:00', '2021-09-23 00:00:00'),
	(634, '494080899-8', '여행', 'Ventosanzap', 'Hannah', 'Tagtune', 100, 26254, 'noimage.png', 'aliquam lacus morbi quis tortor id nulla ultrices aliquet maecenas leo odio condimentum id luctus nec molestie sed', '구편절판', '2020-10-11 00:00:00', '2021-09-23 00:00:00'),
	(635, '818797728-0', '외국어', 'Gembucket', 'Daria', 'Skyba', 100, 11405, 'noimage.png', 'condimentum id luctus nec molestie sed justo pellentesque viverra pede ac', '판매중', '2020-11-18 00:00:00', '2021-09-23 00:00:00'),
	(636, '513145872-2', '소설', 'Vagram', 'Lucie', 'Kwideo', 100, 22818, 'noimage.png', 'a ipsum integer a nibh in quis justo maecenas rhoncus aliquam lacus morbi quis tortor id nulla ultrices aliquet maecenas', '절판', '2021-02-28 00:00:00', '2021-09-23 00:00:00'),
	(637, '708547363-0', '만화', 'Cardguard', 'Inglebert', 'Gabvine', 100, 16651, 'noimage.png', 'nunc nisl duis bibendum felis sed interdum venenatis turpis enim blandit mi in porttitor pede justo', '구편절판', '2021-05-22 00:00:00', '2021-09-23 00:00:00'),
	(638, '255663421-9', '만화', 'Ronstring', 'Hubert', 'Divavu', 100, 27804, 'noimage.png', 'id turpis integer aliquet massa id lobortis convallis tortor risus dapibus augue vel accumsan tellus nisi eu orci mauris lacinia', '절판', '2021-07-09 00:00:00', '2021-09-23 00:00:00'),
	(639, '444518332-6', '만화', 'Flexidy', 'Cassy', 'Camimbo', 100, 15336, 'noimage.png', 'diam neque vestibulum eget vulputate ut ultrices vel augue vestibulum', '판매중', '2021-04-24 00:00:00', '2021-09-23 00:00:00'),
	(640, '870751497-2', '소설', 'Zamit', 'Donnie', 'Blogspan', 100, 24206, 'noimage.png', 'pellentesque ultrices phasellus id sapien in sapien iaculis congue vivamus metus arcu adipiscing molestie hendrerit at vulputate vitae nisl aenean', '구편절판', '2021-05-29 00:00:00', '2021-09-23 00:00:00'),
	(641, '372782541-3', '여행', 'Prodder', 'Kaye', 'Mynte', 100, 5162, 'noimage.png', 'morbi non quam nec dui luctus rutrum nulla tellus in sagittis dui vel nisl duis ac nibh fusce', '품절', '2021-03-05 00:00:00', '2021-09-23 00:00:00'),
	(642, '590513033-7', '외국어', 'Rank', 'Piper', 'Eare', 100, 26474, 'noimage.png', 'habitasse platea dictumst aliquam augue quam sollicitudin vitae consectetuer eget', '절판', '2021-03-28 00:00:00', '2021-09-23 00:00:00'),
	(643, '328230643-1', '경제', 'Ventosanzap', 'Roddie', 'Shufflebeat', 100, 16154, 'noimage.png', 'elementum eu interdum eu tincidunt in leo maecenas pulvinar lobortis est phasellus sit', '절판', '2021-07-31 00:00:00', '2021-09-23 00:00:00'),
	(644, '353124712-3', '소설', 'Vagram', 'Harwilll', 'Ntag', 100, 18124, 'noimage.png', 'erat vestibulum sed magna at nunc commodo placerat praesent blandit nam nulla integer pede justo lacinia', '판매중', '2021-08-06 00:00:00', '2021-09-23 00:00:00'),
	(645, '968990441-8', '여행', 'Bitchip', 'Gonzalo', 'Digitube', 100, 19121, 'noimage.png', 'nunc donec quis orci eget orci vehicula condimentum curabitur in libero ut', '판매중', '2020-10-16 00:00:00', '2021-09-23 00:00:00'),
	(646, '823309507-9', '여행', 'Treeflex', 'Jere', 'Wordify', 100, 27822, 'noimage.png', 'natoque penatibus et magnis dis parturient montes nascetur ridiculus mus etiam vel augue vestibulum rutrum rutrum neque', '구편절판', '2021-01-01 00:00:00', '2021-09-23 00:00:00'),
	(647, '759691148-X', '여행', 'Fintone', 'Sib', 'Edgewire', 100, 26846, 'noimage.png', 'in tempus sit amet sem fusce consequat nulla nisl nunc nisl duis bibendum felis sed interdum', '품절', '2021-07-21 00:00:00', '2021-09-23 00:00:00'),
	(648, '294032006-3', '여행', 'Stim', 'Dareen', 'Jabbercube', 100, 5872, 'noimage.png', 'non lectus aliquam sit amet diam in magna bibendum imperdiet nullam orci pede venenatis non sodales sed tincidunt eu', '판매중', '2020-10-31 00:00:00', '2021-09-23 00:00:00'),
	(649, '304960229-5', '외국어', 'Tin', 'Cad', 'Jazzy', 100, 27319, 'noimage.png', 'cubilia curae duis faucibus accumsan odio curabitur convallis duis consequat dui nec nisi volutpat', '구편절판', '2021-08-23 00:00:00', '2021-09-23 00:00:00'),
	(650, '737970071-5', '소설', 'Holdlamis', 'Elsi', 'Roombo', 100, 11146, 'noimage.png', 'consequat dui nec nisi volutpat eleifend donec ut dolor morbi vel lectus in', '품절', '2021-07-30 00:00:00', '2021-09-23 00:00:00'),
	(651, '240551789-2', '만화', 'Trippledex', 'Walt', 'Twitterwire', 100, 17153, 'noimage.png', 'augue quam sollicitudin vitae consectetuer eget rutrum at lorem integer tincidunt ante vel', '품절', '2021-04-28 00:00:00', '2021-09-23 00:00:00'),
	(652, '371783006-6', '만화', 'Domainer', 'Teodora', 'Wordtune', 100, 23452, 'noimage.png', 'elit ac nulla sed vel enim sit amet nunc viverra dapibus nulla', '구편절판', '2021-08-25 00:00:00', '2021-09-23 00:00:00'),
	(653, '377154061-5', '만화', 'Y-Solowarm', 'Stern', 'Oyope', 100, 9995, 'noimage.png', 'ut dolor morbi vel lectus in quam fringilla rhoncus mauris enim leo', '판매중', '2021-05-25 00:00:00', '2021-09-23 00:00:00'),
	(654, '377065150-2', '여행', 'Fixflex', 'Sallyanne', 'Babbleblab', 100, 14361, 'noimage.png', 'etiam justo etiam pretium iaculis justo in hac habitasse platea dictumst etiam faucibus cursus urna ut', '품절', '2021-08-26 00:00:00', '2021-09-23 00:00:00'),
	(655, '147480952-9', '여행', 'Konklux', 'Glennis', 'Youspan', 100, 8877, 'noimage.png', 'ac consequat metus sapien ut nunc vestibulum ante ipsum primis in faucibus', '품절', '2021-07-19 00:00:00', '2021-09-23 00:00:00'),
	(656, '818036001-6', '소설', 'Fintone', 'Ezechiel', 'Oyoloo', 100, 11592, 'noimage.png', 'in congue etiam justo etiam pretium iaculis justo in hac habitasse platea dictumst etiam faucibus cursus urna ut', '절판', '2021-09-15 00:00:00', '2021-09-23 00:00:00'),
	(657, '521865220-2', '외국어', 'Sub-Ex', 'Marna', 'Meevee', 100, 27927, 'noimage.png', 'volutpat in congue etiam justo etiam pretium iaculis justo in hac habitasse platea dictumst etiam faucibus cursus urna ut tellus', '구편절판', '2020-10-08 00:00:00', '2021-09-23 00:00:00'),
	(658, '745961375-4', '경제', 'Solarbreeze', 'Vikki', 'Skimia', 100, 27281, 'noimage.png', 'elit proin risus praesent lectus vestibulum quam sapien varius ut blandit non interdum', '판매중', '2021-03-07 00:00:00', '2021-09-23 00:00:00'),
	(659, '050502670-8', '여행', 'Span', 'Janela', 'Zoombeat', 100, 25274, 'noimage.png', 'pede justo lacinia eget tincidunt eget tempus vel pede morbi porttitor lorem id ligula suspendisse ornare consequat lectus', '판매중', '2021-01-03 00:00:00', '2021-09-23 00:00:00'),
	(660, '948895603-8', '경제', 'Konklux', 'Cyndi', 'Twitterwire', 100, 5108, 'noimage.png', 'potenti in eleifend quam a odio in hac habitasse platea dictumst maecenas ut massa quis augue luctus', '절판', '2021-08-21 00:00:00', '2021-09-23 00:00:00'),
	(661, '194941412-4', '소설', 'Aerified', 'Orelie', 'Wordpedia', 100, 13755, 'noimage.png', 'adipiscing elit proin interdum mauris non ligula pellentesque ultrices phasellus id', '절판', '2021-01-17 00:00:00', '2021-09-23 00:00:00'),
	(662, '800839787-X', '만화', 'Holdlamis', 'Rriocard', 'Trunyx', 100, 10126, 'noimage.png', 'quis lectus suspendisse potenti in eleifend quam a odio in hac habitasse platea dictumst maecenas ut massa', '품절', '2020-10-07 00:00:00', '2021-09-23 00:00:00'),
	(663, '937858910-3', '외국어', 'Voltsillam', 'Hyacintha', 'Tagopia', 100, 27100, 'noimage.png', 'eget massa tempor convallis nulla neque libero convallis eget eleifend luctus ultricies eu nibh quisque id justo sit amet', '판매중', '2020-11-25 00:00:00', '2021-09-23 00:00:00'),
	(664, '578968785-7', '소설', 'Tresom', 'Erich', 'Podcat', 100, 13508, 'noimage.png', 'vestibulum aliquet ultrices erat tortor sollicitudin mi sit amet lobortis sapien sapien non mi integer ac neque duis', '품절', '2020-12-04 00:00:00', '2021-09-23 00:00:00'),
	(665, '748223156-0', '만화', 'Y-find', 'Neda', 'Pixoboo', 100, 6004, 'noimage.png', 'est quam pharetra magna ac consequat metus sapien ut nunc vestibulum ante', '절판', '2021-03-16 00:00:00', '2021-09-23 00:00:00'),
	(666, '017759799-2', '경제', 'Andalax', 'Conny', 'Flashspan', 100, 20135, 'noimage.png', 'ultrices libero non mattis pulvinar nulla pede ullamcorper augue a suscipit nulla elit ac nulla sed vel', '판매중', '2021-01-03 00:00:00', '2021-09-23 00:00:00'),
	(667, '809409447-8', '여행', 'Overhold', 'Kelcey', 'Cogidoo', 100, 7563, 'noimage.png', 'mauris viverra diam vitae quam suspendisse potenti nullam porttitor lacus at turpis donec posuere', '구편절판', '2021-06-02 00:00:00', '2021-09-23 00:00:00'),
	(668, '933239983-2', '만화', 'Konklab', 'Essie', 'Browsedrive', 100, 10253, 'noimage.png', 'varius integer ac leo pellentesque ultrices mattis odio donec vitae nisi nam ultrices libero non mattis pulvinar nulla', '구편절판', '2021-03-27 00:00:00', '2021-09-23 00:00:00'),
	(669, '566587036-6', '소설', 'Voltsillam', 'Herschel', 'Devcast', 100, 16984, 'noimage.png', 'ultrices posuere cubilia curae donec pharetra magna vestibulum aliquet ultrices erat tortor', '품절', '2021-03-12 00:00:00', '2021-09-23 00:00:00'),
	(670, '378402304-5', '소설', 'Sonsing', 'Kiersten', 'Eire', 100, 11719, 'noimage.png', 'sagittis dui vel nisl duis ac nibh fusce lacus purus aliquet at feugiat non pretium quis lectus', '판매중', '2021-02-08 00:00:00', '2021-09-23 00:00:00'),
	(671, '112346442-1', '소설', 'Konklux', 'Twyla', 'Eimbee', 100, 18295, 'noimage.png', 'pede ac diam cras pellentesque volutpat dui maecenas tristique est et', '절판', '2021-02-28 00:00:00', '2021-09-23 00:00:00'),
	(672, '840720484-6', '만화', 'Stim', 'Thalia', 'Tagchat', 100, 15556, 'noimage.png', 'convallis tortor risus dapibus augue vel accumsan tellus nisi eu orci mauris lacinia sapien quis libero nullam sit amet turpis', '품절', '2021-06-01 00:00:00', '2021-09-23 00:00:00'),
	(673, '900873163-0', '외국어', 'Sonsing', 'Renault', 'Ntag', 100, 23891, 'noimage.png', 'ut mauris eget massa tempor convallis nulla neque libero convallis eget eleifend', '절판', '2021-04-12 00:00:00', '2021-09-23 00:00:00'),
	(674, '251531385-X', '외국어', 'Bytecard', 'Henka', 'Skidoo', 100, 25231, 'noimage.png', 'non velit donec diam neque vestibulum eget vulputate ut ultrices vel', '품절', '2020-09-27 00:00:00', '2021-09-23 00:00:00'),
	(675, '119854969-6', '소설', 'Home Ing', 'Matias', 'Yoveo', 100, 18387, 'noimage.png', 'eu nibh quisque id justo sit amet sapien dignissim vestibulum vestibulum ante ipsum', '구편절판', '2021-04-26 00:00:00', '2021-09-23 00:00:00'),
	(676, '250911293-7', '여행', 'Bytecard', 'Adriana', 'Quaxo', 100, 27165, 'noimage.png', 'amet nulla quisque arcu libero rutrum ac lobortis vel dapibus at diam nam', '판매중', '2021-05-01 00:00:00', '2021-09-23 00:00:00'),
	(677, '834858035-2', '외국어', 'Ronstring', 'Jock', 'Topiclounge', 100, 25135, 'noimage.png', 'ante ipsum primis in faucibus orci luctus et ultrices posuere cubilia curae donec pharetra magna vestibulum aliquet ultrices erat tortor', '절판', '2020-12-19 00:00:00', '2021-09-23 00:00:00'),
	(678, '507578225-6', '경제', 'Voyatouch', 'Clywd', 'Katz', 100, 24412, 'noimage.png', 'pede morbi porttitor lorem id ligula suspendisse ornare consequat lectus in est', '절판', '2021-07-04 00:00:00', '2021-09-23 00:00:00'),
	(679, '146487824-2', '경제', 'Domainer', 'Bailey', 'Meejo', 100, 28527, 'noimage.png', 'pellentesque eget nunc donec quis orci eget orci vehicula condimentum curabitur in libero ut massa volutpat', '절판', '2020-11-27 00:00:00', '2021-09-23 00:00:00'),
	(680, '147709110-6', '외국어', 'Quo Lux', 'Wini', 'Oloo', 100, 21598, 'noimage.png', 'amet diam in magna bibendum imperdiet nullam orci pede venenatis non sodales sed', '판매중', '2020-10-13 00:00:00', '2021-09-23 00:00:00'),
	(681, '498342488-1', '외국어', 'Bitchip', 'Deanne', 'Skajo', 100, 13491, 'noimage.png', 'amet justo morbi ut odio cras mi pede malesuada in imperdiet et commodo vulputate justo in blandit', '구편절판', '2021-01-23 00:00:00', '2021-09-23 00:00:00'),
	(682, '502970071-4', '만화', 'Sonsing', 'Gussy', 'Realcube', 100, 8328, 'noimage.png', 'nulla ultrices aliquet maecenas leo odio condimentum id luctus nec molestie sed justo pellentesque viverra pede ac', '절판', '2021-03-06 00:00:00', '2021-09-23 00:00:00'),
	(683, '429829130-8', '외국어', 'Overhold', 'Garnet', 'Bluezoom', 100, 21053, 'noimage.png', 'odio condimentum id luctus nec molestie sed justo pellentesque viverra pede ac diam', '구편절판', '2021-09-04 00:00:00', '2021-09-23 00:00:00'),
	(684, '038733457-2', '경제', 'Holdlamis', 'Mariejeanne', 'Brainverse', 100, 17887, 'noimage.png', 'pellentesque ultrices phasellus id sapien in sapien iaculis congue vivamus metus arcu adipiscing molestie hendrerit', '품절', '2021-01-30 00:00:00', '2021-09-23 00:00:00'),
	(685, '433027690-9', '소설', 'Zontrax', 'Silvanus', 'Kwinu', 100, 24836, 'noimage.png', 'suspendisse ornare consequat lectus in est risus auctor sed tristique in tempus sit', '절판', '2021-04-25 00:00:00', '2021-09-23 00:00:00'),
	(686, '878012699-5', '경제', 'Greenlam', 'Whitaker', 'Rhyzio', 100, 18451, 'noimage.png', 'ac tellus semper interdum mauris ullamcorper purus sit amet nulla quisque arcu libero', '구편절판', '2021-01-19 00:00:00', '2021-09-23 00:00:00'),
	(687, '633960669-5', '경제', 'Bitwolf', 'Cammy', 'Vinte', 100, 9690, 'noimage.png', 'felis ut at dolor quis odio consequat varius integer ac leo pellentesque ultrices mattis odio donec vitae nisi', '구편절판', '2021-03-29 00:00:00', '2021-09-23 00:00:00'),
	(688, '986779649-7', '소설', 'Otcom', 'Hobart', 'Shuffletag', 100, 20570, 'noimage.png', 'vitae ipsum aliquam non mauris morbi non lectus aliquam sit amet diam in magna bibendum imperdiet nullam orci', '판매중', '2021-01-25 00:00:00', '2021-09-23 00:00:00'),
	(689, '896113330-6', '만화', 'Greenlam', 'Sophie', 'Avamm', 100, 28546, 'noimage.png', 'posuere felis sed lacus morbi sem mauris laoreet ut rhoncus aliquet pulvinar sed nisl nunc rhoncus dui vel', '품절', '2021-06-11 00:00:00', '2021-09-23 00:00:00'),
	(690, '650670903-0', '경제', 'Fixflex', 'Wandis', 'Demizz', 100, 28702, 'noimage.png', 'diam id ornare imperdiet sapien urna pretium nisl ut volutpat sapien', '절판', '2021-09-19 00:00:00', '2021-09-23 00:00:00'),
	(691, '372170459-2', '경제', 'Asoka', 'Fletch', 'Zoombeat', 100, 10278, 'noimage.png', 'lectus suspendisse potenti in eleifend quam a odio in hac habitasse platea', '품절', '2020-10-17 00:00:00', '2021-09-23 00:00:00'),
	(692, '982785743-6', '소설', 'Alpha', 'Lulita', 'Skilith', 100, 18593, 'noimage.png', 'at turpis a pede posuere nonummy integer non velit donec diam neque vestibulum eget vulputate ut ultrices vel augue', '품절', '2021-02-10 00:00:00', '2021-09-23 00:00:00'),
	(693, '191184244-7', '소설', 'Cardify', 'Stanfield', 'Gigazoom', 100, 21771, 'noimage.png', 'bibendum felis sed interdum venenatis turpis enim blandit mi in porttitor pede justo eu', '품절', '2020-09-29 00:00:00', '2021-09-23 00:00:00'),
	(694, '458433892-2', '여행', 'Toughjoyfax', 'Judah', 'Meetz', 100, 8384, 'noimage.png', 'lobortis convallis tortor risus dapibus augue vel accumsan tellus nisi eu orci mauris', '판매중', '2021-01-15 00:00:00', '2021-09-23 00:00:00'),
	(695, '050485127-6', '여행', 'Mat Lam Tam', 'Coleen', 'Ntag', 100, 19391, 'noimage.png', 'turpis a pede posuere nonummy integer non velit donec diam neque vestibulum', '절판', '2020-09-29 00:00:00', '2021-09-23 00:00:00'),
	(696, '597305429-2', '경제', 'Duobam', 'Orson', 'Oyoloo', 100, 10195, 'noimage.png', 'ornare imperdiet sapien urna pretium nisl ut volutpat sapien arcu sed augue aliquam erat volutpat in congue', '구편절판', '2021-08-04 00:00:00', '2021-09-23 00:00:00'),
	(697, '495395119-0', '소설', 'Bigtax', 'Carmen', 'Photobean', 100, 5902, 'noimage.png', 'dolor sit amet consectetuer adipiscing elit proin risus praesent lectus vestibulum quam', '절판', '2021-05-01 00:00:00', '2021-09-23 00:00:00'),
	(698, '673295443-1', '경제', 'Daltfresh', 'Gabriellia', 'Blogtag', 100, 28346, 'noimage.png', 'primis in faucibus orci luctus et ultrices posuere cubilia curae duis faucibus accumsan odio curabitur convallis', '판매중', '2021-09-02 00:00:00', '2021-09-23 00:00:00'),
	(699, '112865532-2', '외국어', 'Flowdesk', 'Horatius', 'Topiclounge', 100, 6867, 'noimage.png', 'id mauris vulputate elementum nullam varius nulla facilisi cras non velit nec nisi vulputate nonummy', '절판', '2021-06-21 00:00:00', '2021-09-23 00:00:00'),
	(700, '506297019-9', '경제', 'Tampflex', 'Bev', 'Podcat', 100, 10048, 'noimage.png', 'fusce lacus purus aliquet at feugiat non pretium quis lectus suspendisse potenti in eleifend quam a odio in hac', '품절', '2021-01-26 00:00:00', '2021-09-23 00:00:00'),
	(701, '186423977-8', '소설', 'Overhold', 'Traver', 'Brainlounge', 100, 25481, 'noimage.png', 'vel augue vestibulum ante ipsum primis in faucibus orci luctus et ultrices posuere cubilia curae donec pharetra magna vestibulum', '절판', '2020-10-12 00:00:00', '2021-09-23 00:00:00'),
	(702, '528351403-X', '경제', 'Veribet', 'Astrid', 'Aivee', 100, 11276, 'noimage.png', 'integer ac neque duis bibendum morbi non quam nec dui', '판매중', '2020-09-25 00:00:00', '2021-09-23 00:00:00'),
	(703, '872837392-8', '외국어', 'Zathin', 'Hugibert', 'Jabberstorm', 100, 12090, 'noimage.png', 'commodo placerat praesent blandit nam nulla integer pede justo lacinia eget tincidunt eget tempus vel pede morbi porttitor lorem', '판매중', '2021-06-02 00:00:00', '2021-09-23 00:00:00'),
	(704, '713303586-3', '소설', 'Home Ing', 'Ingmar', 'Buzzster', 100, 9403, 'noimage.png', 'sem sed sagittis nam congue risus semper porta volutpat quam pede lobortis ligula sit amet eleifend pede', '품절', '2021-09-19 00:00:00', '2021-09-23 00:00:00'),
	(705, '299992447-X', '만화', 'Bigtax', 'Moe', 'Vidoo', 100, 12150, 'noimage.png', 'id ligula suspendisse ornare consequat lectus in est risus auctor sed tristique in tempus sit', '판매중', '2021-01-31 00:00:00', '2021-09-23 00:00:00'),
	(706, '779535579-X', '여행', 'Viva', 'Lucille', 'Roomm', 100, 13346, 'noimage.png', 'iaculis diam erat fermentum justo nec condimentum neque sapien placerat ante', '판매중', '2021-08-06 00:00:00', '2021-09-23 00:00:00'),
	(707, '040799087-9', '소설', 'Latlux', 'Sheilah', 'Kwinu', 100, 15597, 'noimage.png', 'in magna bibendum imperdiet nullam orci pede venenatis non sodales sed tincidunt eu felis fusce posuere felis', '절판', '2021-05-01 00:00:00', '2021-09-23 00:00:00'),
	(708, '213310118-7', '만화', 'Prodder', 'Bird', 'Skimia', 100, 12609, 'noimage.png', 'aliquam erat volutpat in congue etiam justo etiam pretium iaculis justo in hac habitasse platea', '절판', '2020-12-04 00:00:00', '2021-09-23 00:00:00'),
	(709, '606474297-6', '만화', 'Sonair', 'Bethina', 'Flipstorm', 100, 17411, 'noimage.png', 'nunc vestibulum ante ipsum primis in faucibus orci luctus et ultrices posuere cubilia', '판매중', '2021-07-16 00:00:00', '2021-09-23 00:00:00'),
	(710, '640488834-3', '외국어', 'Rank', 'Diann', 'Vidoo', 100, 7540, 'noimage.png', 'cursus id turpis integer aliquet massa id lobortis convallis tortor risus dapibus augue vel accumsan tellus', '판매중', '2021-07-07 00:00:00', '2021-09-23 00:00:00'),
	(711, '409760202-0', '경제', 'Ventosanzap', 'Onfre', 'Rhynyx', 100, 20865, 'noimage.png', 'pretium nisl ut volutpat sapien arcu sed augue aliquam erat volutpat in congue etiam justo etiam pretium iaculis justo', '품절', '2021-05-02 00:00:00', '2021-09-23 00:00:00'),
	(712, '136883294-6', '외국어', 'Holdlamis', 'Pierce', 'Eire', 100, 13188, 'noimage.png', 'lacinia eget tincidunt eget tempus vel pede morbi porttitor lorem', '구편절판', '2021-03-09 00:00:00', '2021-09-23 00:00:00'),
	(713, '223550206-7', '소설', 'Tin', 'Myrtie', 'Youspan', 100, 27376, 'noimage.png', 'nisl ut volutpat sapien arcu sed augue aliquam erat volutpat in congue etiam justo etiam pretium iaculis justo in', '판매중', '2021-06-01 00:00:00', '2021-09-23 00:00:00'),
	(714, '448039687-X', '소설', 'Tampflex', 'Dar', 'Photobean', 100, 25392, 'noimage.png', 'morbi quis tortor id nulla ultrices aliquet maecenas leo odio condimentum', '판매중', '2021-01-14 00:00:00', '2021-09-23 00:00:00'),
	(715, '061420128-4', '만화', 'Fix San', 'Ogdon', 'Npath', 100, 7601, 'noimage.png', 'lacinia erat vestibulum sed magna at nunc commodo placerat praesent blandit nam', '품절', '2020-12-14 00:00:00', '2021-09-23 00:00:00'),
	(716, '129632877-5', '외국어', 'Vagram', 'Sanders', 'Voonix', 100, 19671, 'noimage.png', 'urna pretium nisl ut volutpat sapien arcu sed augue aliquam erat', '품절', '2020-10-29 00:00:00', '2021-09-23 00:00:00'),
	(717, '542447773-9', '소설', 'Home Ing', 'Koo', 'Flipstorm', 100, 28940, 'noimage.png', 'sapien cursus vestibulum proin eu mi nulla ac enim in tempor turpis nec euismod scelerisque quam turpis adipiscing lorem', '품절', '2021-05-02 00:00:00', '2021-09-23 00:00:00'),
	(718, '405547206-4', '경제', 'Transcof', 'Maureen', 'Kwimbee', 100, 15788, 'noimage.png', 'blandit ultrices enim lorem ipsum dolor sit amet consectetuer adipiscing elit proin interdum', '판매중', '2021-01-24 00:00:00', '2021-09-23 00:00:00'),
	(719, '406825272-6', '경제', 'Kanlam', 'Hector', 'Twitterworks', 100, 23928, 'noimage.png', 'mauris viverra diam vitae quam suspendisse potenti nullam porttitor lacus at turpis donec posuere', '구편절판', '2020-12-06 00:00:00', '2021-09-23 00:00:00'),
	(720, '894863415-1', '여행', 'Duobam', 'Basia', 'Fanoodle', 100, 22144, 'noimage.png', 'nec condimentum neque sapien placerat ante nulla justo aliquam quis turpis eget elit sodales scelerisque mauris', '판매중', '2021-07-16 00:00:00', '2021-09-23 00:00:00'),
	(721, '739104131-9', '소설', 'Domainer', 'Daisi', 'Latz', 100, 19925, 'noimage.png', 'sit amet nunc viverra dapibus nulla suscipit ligula in lacus curabitur at ipsum ac tellus semper interdum mauris ullamcorper', '판매중', '2021-08-27 00:00:00', '2021-09-23 00:00:00'),
	(722, '861610790-8', '소설', 'Latlux', 'Damara', 'Ailane', 100, 25424, 'noimage.png', 'sapien quis libero nullam sit amet turpis elementum ligula vehicula consequat morbi a ipsum integer a nibh in quis', '절판', '2021-01-14 00:00:00', '2021-09-23 00:00:00'),
	(723, '257138405-8', '만화', 'Y-find', 'Clary', 'Dynazzy', 100, 28732, 'noimage.png', 'morbi ut odio cras mi pede malesuada in imperdiet et commodo vulputate justo in blandit ultrices enim', '구편절판', '2021-03-24 00:00:00', '2021-09-23 00:00:00'),
	(724, '953516174-1', '여행', 'Hatity', 'Drucie', 'Nlounge', 100, 22915, 'noimage.png', 'maecenas ut massa quis augue luctus tincidunt nulla mollis molestie', '절판', '2020-10-09 00:00:00', '2021-09-23 00:00:00'),
	(725, '018003536-3', '경제', 'Tampflex', 'Petey', 'Divape', 100, 8716, 'noimage.png', 'lorem id ligula suspendisse ornare consequat lectus in est risus auctor sed tristique in tempus sit amet sem fusce consequat', '절판', '2021-03-28 00:00:00', '2021-09-23 00:00:00'),
	(726, '922898838-X', '경제', 'Tempsoft', 'Stephanus', 'Oloo', 100, 19072, 'noimage.png', 'eleifend pede libero quis orci nullam molestie nibh in lectus pellentesque at nulla suspendisse potenti cras in', '품절', '2020-12-06 00:00:00', '2021-09-23 00:00:00'),
	(727, '999972026-9', '여행', 'Tin', 'Kendricks', 'Einti', 100, 11494, 'noimage.png', 'sed ante vivamus tortor duis mattis egestas metus aenean fermentum donec ut mauris eget massa tempor convallis nulla neque', '판매중', '2021-07-14 00:00:00', '2021-09-23 00:00:00'),
	(728, '208844806-3', '만화', 'Viva', 'Arline', 'Kanoodle', 100, 12325, 'noimage.png', 'proin interdum mauris non ligula pellentesque ultrices phasellus id sapien in sapien iaculis congue vivamus metus', '품절', '2020-10-18 00:00:00', '2021-09-23 00:00:00'),
	(729, '326565795-7', '외국어', 'Ventosanzap', 'Tarah', 'Topiczoom', 100, 11500, 'noimage.png', 'nulla pede ullamcorper augue a suscipit nulla elit ac nulla sed vel enim', '구편절판', '2021-01-28 00:00:00', '2021-09-23 00:00:00'),
	(730, '431215864-9', '외국어', 'Greenlam', 'Angelika', 'Meetz', 100, 29105, 'noimage.png', 'at velit eu est congue elementum in hac habitasse platea dictumst morbi vestibulum', '구편절판', '2021-06-07 00:00:00', '2021-09-23 00:00:00'),
	(731, '292449264-5', '소설', 'Cardify', 'Jaymie', 'Demivee', 100, 27677, 'noimage.png', 'blandit ultrices enim lorem ipsum dolor sit amet consectetuer adipiscing elit proin interdum mauris non ligula pellentesque ultrices phasellus', '구편절판', '2020-10-01 00:00:00', '2021-09-23 00:00:00'),
	(732, '787500609-0', '만화', 'Tampflex', 'Ladonna', 'Livetube', 100, 17349, 'noimage.png', 'nulla mollis molestie lorem quisque ut erat curabitur gravida nisi at', '품절', '2020-10-01 00:00:00', '2021-09-23 00:00:00'),
	(733, '825101983-4', '외국어', 'Asoka', 'Mordy', 'Edgeify', 100, 29152, 'noimage.png', 'tempor turpis nec euismod scelerisque quam turpis adipiscing lorem vitae mattis nibh ligula nec sem duis aliquam convallis', '판매중', '2020-11-12 00:00:00', '2021-09-23 00:00:00'),
	(734, '532070039-3', '외국어', 'Domainer', 'Mikkel', 'Roodel', 100, 5754, 'noimage.png', 'faucibus cursus urna ut tellus nulla ut erat id mauris vulputate elementum nullam varius nulla facilisi cras non velit nec', '구편절판', '2021-09-09 00:00:00', '2021-09-23 00:00:00'),
	(735, '693640866-4', '외국어', 'Cookley', 'Greg', 'Twinte', 100, 12480, 'noimage.png', 'id ornare imperdiet sapien urna pretium nisl ut volutpat sapien arcu sed augue aliquam erat volutpat in', '구편절판', '2021-08-26 00:00:00', '2021-09-23 00:00:00'),
	(736, '681616413-X', '외국어', 'Transcof', 'Micah', 'Oba', 100, 19414, 'noimage.png', 'praesent lectus vestibulum quam sapien varius ut blandit non interdum in ante vestibulum ante ipsum', '절판', '2020-11-09 00:00:00', '2021-09-23 00:00:00'),
	(737, '106163525-2', '여행', 'Transcof', 'Don', 'Teklist', 100, 13484, 'noimage.png', 'tempor convallis nulla neque libero convallis eget eleifend luctus ultricies eu nibh quisque id justo sit amet sapien', '구편절판', '2020-12-25 00:00:00', '2021-09-23 00:00:00'),
	(738, '178250040-5', '여행', 'Konklab', 'Beltran', 'Trudoo', 100, 19962, 'noimage.png', 'diam neque vestibulum eget vulputate ut ultrices vel augue vestibulum ante', '구편절판', '2021-02-12 00:00:00', '2021-09-23 00:00:00'),
	(739, '704502299-9', '외국어', 'Sub-Ex', 'Dottie', 'Zoovu', 100, 26713, 'noimage.png', 'id ligula suspendisse ornare consequat lectus in est risus auctor sed tristique in tempus sit amet sem fusce', '품절', '2020-11-10 00:00:00', '2021-09-23 00:00:00'),
	(740, '912366363-4', '소설', 'Aerified', 'Roda', 'Vimbo', 100, 18794, 'noimage.png', 'mauris viverra diam vitae quam suspendisse potenti nullam porttitor lacus at turpis donec posuere metus vitae ipsum aliquam non', '판매중', '2021-08-17 00:00:00', '2021-09-23 00:00:00'),
	(741, '726884874-9', '외국어', 'Asoka', 'Carolyn', 'Jabbersphere', 100, 18103, 'noimage.png', 'eu interdum eu tincidunt in leo maecenas pulvinar lobortis est phasellus sit amet', '절판', '2020-11-28 00:00:00', '2021-09-23 00:00:00'),
	(742, '740303174-1', '경제', 'Zoolab', 'Aubert', 'Kazio', 100, 26056, 'noimage.png', 'sed magna at nunc commodo placerat praesent blandit nam nulla integer', '판매중', '2021-07-23 00:00:00', '2021-09-23 00:00:00'),
	(743, '301723168-2', '만화', 'Matsoft', 'Biddie', 'BlogXS', 100, 25261, 'noimage.png', 'et ultrices posuere cubilia curae duis faucibus accumsan odio curabitur convallis duis consequat dui nec', '구편절판', '2020-11-02 00:00:00', '2021-09-23 00:00:00'),
	(744, '525717092-2', '여행', 'Gembucket', 'Milka', 'Tavu', 100, 15094, 'noimage.png', 'felis ut at dolor quis odio consequat varius integer ac leo', '구편절판', '2021-01-03 00:00:00', '2021-09-23 00:00:00'),
	(745, '296066574-0', '경제', 'Veribet', 'Casper', 'Jabbersphere', 100, 19700, 'noimage.png', 'magna at nunc commodo placerat praesent blandit nam nulla integer', '판매중', '2020-10-06 00:00:00', '2021-09-23 00:00:00'),
	(746, '264719503-X', '만화', 'It', 'Ailbert', 'Quinu', 100, 9356, 'noimage.png', 'in faucibus orci luctus et ultrices posuere cubilia curae mauris viverra diam vitae quam', '판매중', '2020-11-06 00:00:00', '2021-09-23 00:00:00'),
	(747, '229082585-9', '경제', 'Zontrax', 'Margie', 'Twiyo', 100, 19824, 'noimage.png', 'vel est donec odio justo sollicitudin ut suscipit a feugiat et eros vestibulum ac est lacinia nisi', '구편절판', '2020-11-18 00:00:00', '2021-09-23 00:00:00'),
	(748, '020446186-3', '경제', 'Stronghold', 'Kerr', 'Dynabox', 100, 7988, 'noimage.png', 'amet diam in magna bibendum imperdiet nullam orci pede venenatis non sodales sed tincidunt', '판매중', '2020-09-28 00:00:00', '2021-09-23 00:00:00'),
	(749, '444907585-4', '경제', 'Alphazap', 'Rip', 'Quimba', 100, 24700, 'noimage.png', 'cum sociis natoque penatibus et magnis dis parturient montes nascetur ridiculus mus etiam vel', '품절', '2020-12-23 00:00:00', '2021-09-23 00:00:00'),
	(750, '310995792-2', '여행', 'Tempsoft', 'Annmarie', 'Feedfire', 100, 19256, 'noimage.png', 'cras non velit nec nisi vulputate nonummy maecenas tincidunt lacus at velit vivamus vel nulla eget eros elementum pellentesque', '구편절판', '2021-08-27 00:00:00', '2021-09-23 00:00:00'),
	(751, '065283238-5', '외국어', 'Ventosanzap', 'Easter', 'Zava', 100, 29794, 'noimage.png', 'blandit mi in porttitor pede justo eu massa donec dapibus duis at velit eu est', '구편절판', '2020-10-07 00:00:00', '2021-09-23 00:00:00'),
	(752, '874810883-9', '경제', 'Domainer', 'Wallis', 'Dynava', 100, 22612, 'noimage.png', 'ut massa volutpat convallis morbi odio odio elementum eu interdum eu tincidunt in', '판매중', '2021-07-29 00:00:00', '2021-09-23 00:00:00'),
	(753, '559140202-X', '외국어', 'Fixflex', 'Katerina', 'Trupe', 100, 23810, 'noimage.png', 'nulla suspendisse potenti cras in purus eu magna vulputate luctus cum', '구편절판', '2021-08-23 00:00:00', '2021-09-23 00:00:00'),
	(754, '669218988-8', '경제', 'Job', 'Wilbert', 'Tagtune', 100, 25730, 'noimage.png', 'ipsum integer a nibh in quis justo maecenas rhoncus aliquam lacus morbi quis tortor id nulla ultrices', '구편절판', '2021-05-21 00:00:00', '2021-09-23 00:00:00'),
	(755, '000082189-6', '외국어', 'Span', 'Hildagard', 'Shuffletag', 100, 6117, 'noimage.png', 'mi sit amet lobortis sapien sapien non mi integer ac neque duis bibendum morbi', '판매중', '2021-01-10 00:00:00', '2021-09-23 00:00:00'),
	(756, '163298876-3', '소설', 'Opela', 'Debi', 'Lazzy', 100, 14961, 'noimage.png', 'vestibulum sit amet cursus id turpis integer aliquet massa id lobortis', '판매중', '2021-02-12 00:00:00', '2021-09-23 00:00:00'),
	(757, '806772916-6', '여행', 'Home Ing', 'Yvon', 'Quatz', 100, 22516, 'noimage.png', 'porta volutpat erat quisque erat eros viverra eget congue eget semper rutrum nulla nunc purus phasellus in', '판매중', '2021-09-05 00:00:00', '2021-09-23 00:00:00'),
	(758, '953480752-4', '여행', 'Zamit', 'Chrisy', 'Trunyx', 100, 14828, 'noimage.png', 'erat nulla tempus vivamus in felis eu sapien cursus vestibulum proin eu mi nulla ac enim', '구편절판', '2021-06-09 00:00:00', '2021-09-23 00:00:00'),
	(759, '842164557-9', '만화', 'Voyatouch', 'Tremain', 'Skimia', 100, 13016, 'noimage.png', 'sed nisl nunc rhoncus dui vel sem sed sagittis nam congue risus semper porta volutpat', '품절', '2021-03-22 00:00:00', '2021-09-23 00:00:00'),
	(760, '479742880-5', '여행', 'Alphazap', 'Fran', 'Geba', 100, 5890, 'noimage.png', 'nulla tellus in sagittis dui vel nisl duis ac nibh fusce lacus purus aliquet at feugiat non pretium quis', '품절', '2021-06-28 00:00:00', '2021-09-23 00:00:00'),
	(761, '905110611-4', '외국어', 'Quo Lux', 'Yetta', 'Wikibox', 100, 7078, 'noimage.png', 'sociis natoque penatibus et magnis dis parturient montes nascetur ridiculus mus etiam vel augue vestibulum rutrum rutrum neque', '구편절판', '2021-05-22 00:00:00', '2021-09-23 00:00:00'),
	(762, '708504563-9', '외국어', 'Keylex', 'Sibeal', 'Photojam', 100, 25408, 'noimage.png', 'pellentesque at nulla suspendisse potenti cras in purus eu magna vulputate luctus cum sociis natoque penatibus et magnis dis parturient', '품절', '2021-02-17 00:00:00', '2021-09-23 00:00:00'),
	(763, '558702555-1', '경제', 'Domainer', 'Mohammed', 'Wikizz', 100, 7153, 'noimage.png', 'odio donec vitae nisi nam ultrices libero non mattis pulvinar nulla pede ullamcorper augue a suscipit nulla elit ac', '판매중', '2021-08-28 00:00:00', '2021-09-23 00:00:00'),
	(764, '651754639-1', '외국어', 'Overhold', 'Odilia', 'Wikizz', 100, 24418, 'noimage.png', 'vestibulum eget vulputate ut ultrices vel augue vestibulum ante ipsum primis in faucibus orci luctus', '절판', '2021-03-19 00:00:00', '2021-09-23 00:00:00'),
	(765, '774671272-X', '만화', 'Prodder', 'Phillis', 'Devbug', 100, 5254, 'noimage.png', 'cursus urna ut tellus nulla ut erat id mauris vulputate elementum nullam varius nulla facilisi cras non velit nec nisi', '절판', '2021-05-04 00:00:00', '2021-09-23 00:00:00'),
	(766, '645890715-X', '경제', 'Namfix', 'Kati', 'Lajo', 100, 5591, 'noimage.png', 'curae mauris viverra diam vitae quam suspendisse potenti nullam porttitor lacus at turpis donec posuere metus vitae ipsum aliquam non', '구편절판', '2020-11-04 00:00:00', '2021-09-23 00:00:00'),
	(767, '615268012-3', '만화', 'Wrapsafe', 'Niels', 'Oyope', 100, 17840, 'noimage.png', 'donec vitae nisi nam ultrices libero non mattis pulvinar nulla pede ullamcorper', '절판', '2020-09-23 00:00:00', '2021-09-23 00:00:00'),
	(768, '385583422-9', '여행', 'Rank', 'Mignonne', 'Jaxworks', 100, 16741, 'noimage.png', 'odio elementum eu interdum eu tincidunt in leo maecenas pulvinar lobortis est phasellus sit amet', '절판', '2021-06-21 00:00:00', '2021-09-23 00:00:00'),
	(769, '893214850-3', '소설', 'Flowdesk', 'Keriann', 'Zoomdog', 100, 13082, 'noimage.png', 'fusce consequat nulla nisl nunc nisl duis bibendum felis sed interdum venenatis turpis enim blandit mi', '구편절판', '2020-11-10 00:00:00', '2021-09-23 00:00:00'),
	(770, '506643276-0', '외국어', 'Ventosanzap', 'Raquel', 'Kwilith', 100, 16338, 'noimage.png', 'faucibus orci luctus et ultrices posuere cubilia curae nulla dapibus dolor vel est', '구편절판', '2021-07-04 00:00:00', '2021-09-23 00:00:00'),
	(771, '800384534-3', '만화', 'Subin', 'Daryl', 'Skyba', 100, 13718, 'noimage.png', 'in faucibus orci luctus et ultrices posuere cubilia curae duis faucibus accumsan odio', '절판', '2020-11-14 00:00:00', '2021-09-23 00:00:00'),
	(772, '707587816-6', '소설', 'Fixflex', 'Andi', 'Yodoo', 100, 25144, 'noimage.png', 'duis ac nibh fusce lacus purus aliquet at feugiat non pretium quis lectus suspendisse potenti in eleifend quam a', '구편절판', '2021-08-28 00:00:00', '2021-09-23 00:00:00'),
	(773, '862760388-X', '여행', 'Flexidy', 'Kelley', 'Abatz', 100, 7064, 'noimage.png', 'ultrices enim lorem ipsum dolor sit amet consectetuer adipiscing elit proin interdum mauris non ligula', '절판', '2020-11-22 00:00:00', '2021-09-23 00:00:00'),
	(774, '711405213-8', '여행', 'Treeflex', 'Em', 'Topicshots', 100, 29310, 'noimage.png', 'ac nulla sed vel enim sit amet nunc viverra dapibus nulla suscipit ligula in lacus curabitur', '절판', '2021-02-04 00:00:00', '2021-09-23 00:00:00'),
	(775, '229541017-7', '여행', 'Home Ing', 'Salvatore', 'Edgeblab', 100, 5715, 'noimage.png', 'et commodo vulputate justo in blandit ultrices enim lorem ipsum dolor sit amet', '판매중', '2020-12-06 00:00:00', '2021-09-23 00:00:00'),
	(776, '175553422-1', '경제', 'Bytecard', 'Rozalie', 'Centimia', 100, 7258, 'noimage.png', 'sed sagittis nam congue risus semper porta volutpat quam pede lobortis ligula', '판매중', '2020-11-18 00:00:00', '2021-09-23 00:00:00'),
	(777, '382980522-5', '외국어', 'Job', 'Inglebert', 'Topicblab', 100, 22455, 'noimage.png', 'ut tellus nulla ut erat id mauris vulputate elementum nullam varius nulla facilisi cras non velit', '절판', '2021-05-12 00:00:00', '2021-09-23 00:00:00'),
	(778, '881392749-5', '여행', 'Voltsillam', 'Brandea', 'Tagpad', 100, 22804, 'noimage.png', 'quis libero nullam sit amet turpis elementum ligula vehicula consequat morbi a ipsum integer a nibh in quis', '판매중', '2021-01-26 00:00:00', '2021-09-23 00:00:00'),
	(779, '883859272-1', '소설', 'Matsoft', 'Henrik', 'Npath', 100, 21985, 'noimage.png', 'cubilia curae duis faucibus accumsan odio curabitur convallis duis consequat dui nec nisi volutpat eleifend donec', '품절', '2021-05-05 00:00:00', '2021-09-23 00:00:00'),
	(780, '645232275-3', '만화', 'Solarbreeze', 'Janean', 'Avamm', 100, 17862, 'noimage.png', 'vel accumsan tellus nisi eu orci mauris lacinia sapien quis libero nullam sit amet turpis elementum', '판매중', '2021-03-20 00:00:00', '2021-09-23 00:00:00'),
	(781, '267243777-7', '경제', 'Zoolab', 'Adams', 'Jabberstorm', 100, 5213, 'noimage.png', 'odio donec vitae nisi nam ultrices libero non mattis pulvinar nulla pede ullamcorper augue a suscipit nulla elit ac', '절판', '2021-08-18 00:00:00', '2021-09-23 00:00:00'),
	(782, '215439987-8', '소설', 'Stringtough', 'Belita', 'Linkbuzz', 100, 23259, 'noimage.png', 'id sapien in sapien iaculis congue vivamus metus arcu adipiscing molestie hendrerit at vulputate vitae', '절판', '2020-10-28 00:00:00', '2021-09-23 00:00:00'),
	(783, '082137973-9', '외국어', 'Alphazap', 'Zonda', 'Jetwire', 100, 23647, 'noimage.png', 'ante ipsum primis in faucibus orci luctus et ultrices posuere', '절판', '2021-02-14 00:00:00', '2021-09-23 00:00:00'),
	(784, '785298504-1', '만화', 'Otcom', 'Dominga', 'Centidel', 100, 24440, 'noimage.png', 'sit amet erat nulla tempus vivamus in felis eu sapien cursus vestibulum proin eu', '판매중', '2021-06-23 00:00:00', '2021-09-23 00:00:00'),
	(785, '231890871-0', '만화', 'Sonsing', 'Carlene', 'Fiveclub', 100, 12286, 'noimage.png', 'urna pretium nisl ut volutpat sapien arcu sed augue aliquam erat', '판매중', '2021-04-27 00:00:00', '2021-09-23 00:00:00'),
	(786, '379815901-7', '여행', 'Otcom', 'Siouxie', 'Quimm', 100, 16715, 'noimage.png', 'est risus auctor sed tristique in tempus sit amet sem fusce consequat', '절판', '2020-12-30 00:00:00', '2021-09-23 00:00:00'),
	(787, '186979121-5', '경제', 'Regrant', 'Barnabas', 'Digitube', 100, 25681, 'noimage.png', 'cursus vestibulum proin eu mi nulla ac enim in tempor turpis nec', '판매중', '2021-07-22 00:00:00', '2021-09-23 00:00:00'),
	(788, '545760655-4', '소설', 'Temp', 'Kippie', 'Aimbo', 100, 9183, 'noimage.png', 'turpis nec euismod scelerisque quam turpis adipiscing lorem vitae mattis nibh ligula nec sem duis aliquam convallis nunc proin at', '절판', '2021-04-29 00:00:00', '2021-09-23 00:00:00'),
	(789, '066181653-2', '경제', 'Prodder', 'Serena', 'Realfire', 100, 6511, 'noimage.png', 'libero nam dui proin leo odio porttitor id consequat in consequat ut nulla sed accumsan', '판매중', '2021-01-31 00:00:00', '2021-09-23 00:00:00'),
	(790, '772960072-2', '소설', 'Stringtough', 'Arney', 'Eamia', 100, 5935, 'noimage.png', 'vestibulum ante ipsum primis in faucibus orci luctus et ultrices posuere cubilia curae mauris viverra diam vitae quam', '구편절판', '2021-05-04 00:00:00', '2021-09-23 00:00:00'),
	(791, '024784473-X', '만화', 'Alpha', 'Rolando', 'Vimbo', 100, 9516, 'noimage.png', 'quam sollicitudin vitae consectetuer eget rutrum at lorem integer tincidunt ante vel ipsum praesent blandit lacinia', '절판', '2021-04-17 00:00:00', '2021-09-23 00:00:00'),
	(792, '745905419-4', '경제', 'Transcof', 'Lance', 'Thoughtstorm', 100, 10980, 'noimage.png', 'nisi volutpat eleifend donec ut dolor morbi vel lectus in quam', '절판', '2021-04-23 00:00:00', '2021-09-23 00:00:00'),
	(793, '063611009-5', '만화', 'Konklux', 'Hermann', 'Voonder', 100, 11599, 'noimage.png', 'volutpat in congue etiam justo etiam pretium iaculis justo in hac habitasse platea dictumst', '판매중', '2021-09-02 00:00:00', '2021-09-23 00:00:00'),
	(794, '201418017-2', '경제', 'Andalax', 'Sibby', 'Dabfeed', 100, 20634, 'noimage.png', 'justo in blandit ultrices enim lorem ipsum dolor sit amet consectetuer adipiscing elit proin interdum mauris non ligula pellentesque ultrices', '구편절판', '2021-01-27 00:00:00', '2021-09-23 00:00:00'),
	(795, '263197550-2', '경제', 'Voyatouch', 'Kalvin', 'Voomm', 100, 14113, 'noimage.png', 'phasellus sit amet erat nulla tempus vivamus in felis eu sapien cursus vestibulum proin', '판매중', '2021-05-30 00:00:00', '2021-09-23 00:00:00'),
	(796, '123432928-X', '경제', 'Quo Lux', 'Teador', 'Twitterworks', 100, 10978, 'noimage.png', 'ridiculus mus etiam vel augue vestibulum rutrum rutrum neque aenean auctor gravida', '품절', '2021-09-07 00:00:00', '2021-09-23 00:00:00'),
	(797, '281096387-8', '만화', 'Sonsing', 'Kyla', 'Oyoyo', 100, 15069, 'noimage.png', 'ac neque duis bibendum morbi non quam nec dui luctus rutrum nulla tellus in sagittis dui', '품절', '2021-06-24 00:00:00', '2021-09-23 00:00:00'),
	(798, '843527925-1', '경제', 'Rank', 'Ashlee', 'JumpXS', 100, 26980, 'noimage.png', 'semper rutrum nulla nunc purus phasellus in felis donec semper sapien a libero', '품절', '2021-01-11 00:00:00', '2021-09-23 00:00:00'),
	(799, '960352254-6', '만화', 'Zathin', 'Marshall', 'Layo', 100, 28725, 'noimage.png', 'rhoncus mauris enim leo rhoncus sed vestibulum sit amet cursus id turpis integer aliquet massa id lobortis convallis tortor', '판매중', '2020-11-24 00:00:00', '2021-09-23 00:00:00'),
	(800, '746495020-8', '여행', 'Voyatouch', 'Werner', 'Flashpoint', 100, 16992, 'noimage.png', 'blandit ultrices enim lorem ipsum dolor sit amet consectetuer adipiscing elit proin interdum mauris non ligula pellentesque', '판매중', '2021-02-03 00:00:00', '2021-09-23 00:00:00'),
	(801, '234039016-8', '만화', 'Zontrax', 'Francoise', 'Yabox', 100, 26321, 'noimage.png', 'lorem id ligula suspendisse ornare consequat lectus in est risus', '판매중', '2020-11-16 00:00:00', '2021-09-23 00:00:00'),
	(802, '872429044-0', '외국어', 'Bytecard', 'Theressa', 'Blogtag', 100, 22240, 'noimage.png', 'sit amet cursus id turpis integer aliquet massa id lobortis', '구편절판', '2021-07-07 00:00:00', '2021-09-23 00:00:00'),
	(803, '437743854-9', '소설', 'Redhold', 'Peirce', 'Yakitri', 100, 11683, 'noimage.png', 'elit ac nulla sed vel enim sit amet nunc viverra dapibus nulla suscipit ligula in lacus curabitur', '품절', '2021-07-26 00:00:00', '2021-09-23 00:00:00'),
	(804, '119569281-1', '외국어', 'Toughjoyfax', 'Malanie', 'Trilith', 100, 16669, 'noimage.png', 'suspendisse potenti in eleifend quam a odio in hac habitasse', '품절', '2021-08-05 00:00:00', '2021-09-23 00:00:00'),
	(805, '273850041-2', '만화', 'Vagram', 'Milicent', 'Photofeed', 100, 20816, 'noimage.png', 'elementum nullam varius nulla facilisi cras non velit nec nisi vulputate nonummy maecenas tincidunt lacus', '판매중', '2021-02-16 00:00:00', '2021-09-23 00:00:00'),
	(806, '003845420-3', '만화', 'Mat Lam Tam', 'Igor', 'Rhycero', 100, 22127, 'noimage.png', 'eu sapien cursus vestibulum proin eu mi nulla ac enim in tempor turpis nec euismod', '구편절판', '2021-08-17 00:00:00', '2021-09-23 00:00:00'),
	(807, '805795818-9', '여행', 'Domainer', 'Lou', 'Kwilith', 100, 5489, 'noimage.png', 'vehicula consequat morbi a ipsum integer a nibh in quis justo maecenas', '절판', '2021-04-07 00:00:00', '2021-09-23 00:00:00'),
	(808, '542068947-2', '만화', 'Stim', 'Ashleigh', 'Tavu', 100, 26775, 'noimage.png', 'pellentesque at nulla suspendisse potenti cras in purus eu magna vulputate luctus cum sociis natoque penatibus et magnis dis parturient', '절판', '2020-11-16 00:00:00', '2021-09-23 00:00:00'),
	(809, '274776381-1', '여행', 'Opela', 'Hana', 'Avaveo', 100, 25360, 'noimage.png', 'cras in purus eu magna vulputate luctus cum sociis natoque penatibus et magnis dis parturient montes nascetur ridiculus mus', '품절', '2021-02-24 00:00:00', '2021-09-23 00:00:00'),
	(810, '984755430-7', '외국어', 'Alpha', 'Humfrey', 'Skynoodle', 100, 6425, 'noimage.png', 'at velit vivamus vel nulla eget eros elementum pellentesque quisque porta volutpat erat quisque erat eros viverra eget', '절판', '2020-10-15 00:00:00', '2021-09-23 00:00:00'),
	(811, '519033466-X', '외국어', 'Voyatouch', 'Kellina', 'Dabjam', 100, 9656, 'noimage.png', 'quisque arcu libero rutrum ac lobortis vel dapibus at diam nam', '절판', '2020-11-03 00:00:00', '2021-09-23 00:00:00'),
	(812, '106446537-4', '만화', 'Subin', 'Ailene', 'Yakidoo', 100, 12888, 'noimage.png', 'interdum venenatis turpis enim blandit mi in porttitor pede justo eu massa donec', '절판', '2021-07-14 00:00:00', '2021-09-23 00:00:00'),
	(813, '181146346-0', '소설', 'Lotlux', 'Lynnell', 'Kwinu', 100, 9100, 'a2.jpg', 'in ante vestibulum ante ipsum primis in faucibus orci luctus et ultrices posuere', '구편절판', '2021-09-22 00:00:00', '2021-09-23 00:00:00'),
	(814, '913853299-9', '외국어', 'Bamity', 'Bronny', 'Centidel', 100, 29481, 'noimage.png', 'vivamus vestibulum sagittis sapien cum sociis natoque penatibus et magnis dis parturient montes nascetur ridiculus', '품절', '2021-05-02 00:00:00', '2021-09-23 00:00:00'),
	(815, '966254904-8', '외국어', 'Cardify', 'Hannis', 'Meemm', 100, 5426, 'noimage.png', 'elit ac nulla sed vel enim sit amet nunc viverra', '판매중', '2021-02-27 00:00:00', '2021-09-23 00:00:00'),
	(816, '114540575-4', '경제', 'Duobam', 'Michele', 'Einti', 100, 29276, 'noimage.png', 'ligula nec sem duis aliquam convallis nunc proin at turpis a', '구편절판', '2020-12-26 00:00:00', '2021-09-23 00:00:00'),
	(817, '553746005-X', '경제', 'Gembucket', 'Tommie', 'Zoovu', 100, 27987, 'noimage.png', 'varius nulla facilisi cras non velit nec nisi vulputate nonummy maecenas tincidunt lacus at', '품절', '2020-10-13 00:00:00', '2021-09-23 00:00:00'),
	(818, '330330176-X', '여행', 'Flowdesk', 'Ronnie', 'Flipopia', 100, 18623, 'noimage.png', 'justo eu massa donec dapibus duis at velit eu est congue elementum in hac habitasse platea dictumst morbi', '품절', '2020-10-31 00:00:00', '2021-09-23 00:00:00'),
	(819, '713751685-8', '소설', 'Flowdesk', 'Emylee', 'Lazzy', 100, 27350, 'noimage.png', 'nulla tempus vivamus in felis eu sapien cursus vestibulum proin eu mi', '절판', '2021-07-23 00:00:00', '2021-09-23 00:00:00'),
	(820, '503171058-6', '여행', 'Stronghold', 'Agatha', 'Livetube', 100, 11161, 'noimage.png', 'sem mauris laoreet ut rhoncus aliquet pulvinar sed nisl nunc rhoncus dui', '판매중', '2021-07-13 00:00:00', '2021-09-23 00:00:00'),
	(821, '318626899-0', '경제', 'Sonsing', 'Javier', 'Miboo', 100, 18781, 'noimage.png', 'eu orci mauris lacinia sapien quis libero nullam sit amet turpis', '판매중', '2021-06-15 00:00:00', '2021-09-23 00:00:00'),
	(822, '194594556-7', '만화', 'Flexidy', 'Faun', 'Gigashots', 100, 5771, 'noimage.png', 'dui proin leo odio porttitor id consequat in consequat ut nulla sed accumsan felis ut at', '구편절판', '2021-02-06 00:00:00', '2021-09-23 00:00:00'),
	(823, '651351408-8', '여행', 'Konklux', 'Giralda', 'Fliptune', 100, 18773, 'noimage.png', 'sed interdum venenatis turpis enim blandit mi in porttitor pede justo eu massa donec dapibus duis at velit', '판매중', '2021-09-18 00:00:00', '2021-09-23 00:00:00'),
	(824, '601112303-1', '경제', 'Zathin', 'Ilse', 'Quimba', 100, 13533, 'noimage.png', 'aenean auctor gravida sem praesent id massa id nisl venenatis', '판매중', '2020-10-22 00:00:00', '2021-09-23 00:00:00'),
	(825, '349548962-2', '외국어', 'Namfix', 'Derrick', 'Katz', 100, 5402, 'noimage.png', 'sem sed sagittis nam congue risus semper porta volutpat quam pede lobortis ligula sit amet eleifend pede libero', '판매중', '2021-02-24 00:00:00', '2021-09-23 00:00:00'),
	(826, '384347619-5', '외국어', 'Transcof', 'Danell', 'Skimia', 100, 25987, 'noimage.png', 'a nibh in quis justo maecenas rhoncus aliquam lacus morbi quis tortor id nulla ultrices aliquet maecenas leo odio condimentum', '판매중', '2020-10-03 00:00:00', '2021-09-23 00:00:00'),
	(827, '748897573-1', '소설', 'Pannier', 'Phoebe', 'Jamia', 100, 27766, 'noimage.png', 'aenean auctor gravida sem praesent id massa id nisl venenatis lacinia aenean sit amet justo', '구편절판', '2021-02-14 00:00:00', '2021-09-23 00:00:00'),
	(828, '742191983-X', '경제', 'Zamit', 'Paolina', 'Kanoodle', 100, 15298, 'noimage.png', 'ut at dolor quis odio consequat varius integer ac leo pellentesque ultrices mattis odio donec vitae', '절판', '2021-08-16 00:00:00', '2021-09-23 00:00:00'),
	(829, '040541904-X', '만화', 'Sub-Ex', 'Patrizio', 'Blogspan', 100, 26211, 'noimage.png', 'in quam fringilla rhoncus mauris enim leo rhoncus sed vestibulum sit amet cursus id turpis integer', '절판', '2021-02-09 00:00:00', '2021-09-23 00:00:00'),
	(830, '716478903-7', '외국어', 'Aerified', 'Lorene', 'Jetpulse', 100, 16909, 'noimage.png', 'condimentum id luctus nec molestie sed justo pellentesque viverra pede ac', '판매중', '2021-04-06 00:00:00', '2021-09-23 00:00:00'),
	(831, '261428908-6', '여행', 'Stim', 'Angie', 'Fivespan', 100, 26221, 'noimage.png', 'dictumst etiam faucibus cursus urna ut tellus nulla ut erat id mauris vulputate', '절판', '2021-07-07 00:00:00', '2021-09-23 00:00:00'),
	(832, '257266163-2', '경제', 'Gembucket', 'Willey', 'Dabtype', 100, 9888, 'noimage.png', 'maecenas tristique est et tempus semper est quam pharetra magna ac consequat metus sapien ut nunc vestibulum ante ipsum', '품절', '2021-03-10 00:00:00', '2021-09-23 00:00:00'),
	(833, '511125049-2', '만화', 'Stim', 'Paulita', 'Twitterbeat', 100, 12633, 'noimage.png', 'adipiscing elit proin risus praesent lectus vestibulum quam sapien varius ut blandit non interdum in ante vestibulum ante', '절판', '2021-02-23 00:00:00', '2021-09-23 00:00:00'),
	(834, '028529895-X', '만화', 'Bamity', 'Ignace', 'Centidel', 100, 18918, 'noimage.png', 'suspendisse ornare consequat lectus in est risus auctor sed tristique', '구편절판', '2021-07-01 00:00:00', '2021-09-23 00:00:00'),
	(835, '407043424-0', '여행', 'Y-find', 'Elbert', 'Meetz', 100, 20434, 'noimage.png', 'id ligula suspendisse ornare consequat lectus in est risus auctor sed tristique in tempus sit amet sem', '품절', '2021-05-17 00:00:00', '2021-09-23 00:00:00'),
	(836, '719936817-8', '소설', 'Tempsoft', 'Jenelle', 'Youspan', 100, 27240, 'noimage.png', 'erat nulla tempus vivamus in felis eu sapien cursus vestibulum proin eu mi nulla ac enim in tempor', '판매중', '2021-07-31 00:00:00', '2021-09-23 00:00:00'),
	(837, '559303533-4', '만화', 'Keylex', 'Brittaney', 'Devify', 100, 6263, 'noimage.png', 'cubilia curae mauris viverra diam vitae quam suspendisse potenti nullam porttitor lacus at turpis', '구편절판', '2021-08-17 00:00:00', '2021-09-23 00:00:00'),
	(838, '120038542-X', '소설', 'Zontrax', 'Carny', 'Dynazzy', 100, 13448, 'noimage.png', 'ac nulla sed vel enim sit amet nunc viverra dapibus nulla suscipit ligula in lacus curabitur at', '절판', '2021-08-14 00:00:00', '2021-09-23 00:00:00'),
	(839, '455130042-X', '만화', 'Toughjoyfax', 'Georgeta', 'Voonyx', 100, 29722, 'noimage.png', 'lorem id ligula suspendisse ornare consequat lectus in est risus auctor sed tristique in tempus sit amet', '구편절판', '2021-03-26 00:00:00', '2021-09-23 00:00:00'),
	(840, '317376286-X', '만화', 'Fixflex', 'Marrilee', 'Fadeo', 100, 15402, 'noimage.png', 'habitasse platea dictumst maecenas ut massa quis augue luctus tincidunt nulla mollis molestie lorem quisque ut', '구편절판', '2021-08-28 00:00:00', '2021-09-23 00:00:00'),
	(841, '643236230-X', '만화', 'Bitwolf', 'Jozef', 'Pixoboo', 100, 16816, 'noimage.png', 'curae donec pharetra magna vestibulum aliquet ultrices erat tortor sollicitudin mi sit amet lobortis', '품절', '2020-12-14 00:00:00', '2021-09-23 00:00:00'),
	(842, '467059488-5', '만화', 'Lotlux', 'Ayn', 'Layo', 100, 5015, 'noimage.png', 'sapien urna pretium nisl ut volutpat sapien arcu sed augue aliquam erat volutpat', '구편절판', '2021-01-08 00:00:00', '2021-09-23 00:00:00'),
	(843, '394016407-0', '경제', 'Bitchip', 'Mareah', 'Dabvine', 100, 8785, 'noimage.png', 'ut massa quis augue luctus tincidunt nulla mollis molestie lorem quisque ut erat', '품절', '2021-02-26 00:00:00', '2021-09-23 00:00:00'),
	(844, '415088311-4', '만화', 'Matsoft', 'Cecilia', 'Jaxspan', 100, 23065, 'noimage.png', 'at turpis donec posuere metus vitae ipsum aliquam non mauris morbi non lectus aliquam sit amet', '구편절판', '2021-07-13 00:00:00', '2021-09-23 00:00:00'),
	(845, '956162710-8', '소설', 'Zaam-Dox', 'Cloe', 'Dabjam', 100, 11317, 'noimage.png', 'nibh in quis justo maecenas rhoncus aliquam lacus morbi quis', '품절', '2021-04-28 00:00:00', '2021-09-23 00:00:00'),
	(846, '445366844-9', '경제', 'Flexidy', 'Malynda', 'Dazzlesphere', 100, 17382, 'noimage.png', 'leo maecenas pulvinar lobortis est phasellus sit amet erat nulla tempus', '판매중', '2021-02-28 00:00:00', '2021-09-23 00:00:00'),
	(847, '536432556-3', '소설', 'Sonair', 'Obidiah', 'Brainverse', 100, 23619, 'noimage.png', 'volutpat erat quisque erat eros viverra eget congue eget semper rutrum nulla nunc purus phasellus in felis', '품절', '2021-02-08 00:00:00', '2021-09-23 00:00:00'),
	(848, '010086235-7', '경제', 'Stronghold', 'Cyndia', 'Quatz', 100, 29403, 'noimage.png', 'duis bibendum morbi non quam nec dui luctus rutrum nulla tellus in sagittis dui vel', '판매중', '2020-10-22 00:00:00', '2021-09-23 00:00:00'),
	(849, '255136033-1', '여행', 'Otcom', 'Noe', 'Flipstorm', 100, 22880, 'noimage.png', 'enim leo rhoncus sed vestibulum sit amet cursus id turpis integer', '절판', '2020-12-28 00:00:00', '2021-09-23 00:00:00'),
	(850, '272215266-5', '경제', 'Tampflex', 'Sapphira', 'Skimia', 100, 7351, 'noimage.png', 'est et tempus semper est quam pharetra magna ac consequat metus', '판매중', '2021-03-15 00:00:00', '2021-09-23 00:00:00'),
	(851, '238034910-X', '여행', 'Solarbreeze', 'Marcia', 'Youspan', 100, 19411, 'noimage.png', 'nisl duis bibendum felis sed interdum venenatis turpis enim blandit mi in porttitor pede justo', '판매중', '2021-03-06 00:00:00', '2021-09-23 00:00:00'),
	(852, '016544328-6', '경제', 'Stronghold', 'Tulley', 'Gigabox', 100, 11170, 'noimage.png', 'justo eu massa donec dapibus duis at velit eu est congue elementum in hac habitasse platea dictumst', '구편절판', '2021-05-24 00:00:00', '2021-09-23 00:00:00'),
	(853, '182865207-5', '여행', 'Zoolab', 'Celka', 'Podcat', 100, 5508, 'noimage.png', 'dui vel sem sed sagittis nam congue risus semper porta volutpat quam pede lobortis', '구편절판', '2020-11-11 00:00:00', '2021-09-23 00:00:00'),
	(854, '714590197-8', '외국어', 'Konklab', 'Madonna', 'Mudo', 100, 5493, 'noimage.png', 'facilisi cras non velit nec nisi vulputate nonummy maecenas tincidunt lacus at', '품절', '2021-04-16 00:00:00', '2021-09-23 00:00:00'),
	(855, '637345412-6', '만화', 'Wrapsafe', 'Jocko', 'Thoughtsphere', 100, 26784, 'noimage.png', 'purus eu magna vulputate luctus cum sociis natoque penatibus et magnis dis parturient montes', '품절', '2021-06-29 00:00:00', '2021-09-23 00:00:00'),
	(856, '511915664-9', '만화', 'Cardify', 'Kathi', 'Realcube', 100, 20106, 'noimage.png', 'ultrices posuere cubilia curae mauris viverra diam vitae quam suspendisse potenti nullam porttitor lacus at turpis donec posuere metus vitae', '절판', '2021-04-04 00:00:00', '2021-09-23 00:00:00'),
	(857, '505531221-1', '외국어', 'Stringtough', 'Louisette', 'Jabbersphere', 100, 10526, 'noimage.png', 'velit vivamus vel nulla eget eros elementum pellentesque quisque porta volutpat erat quisque erat eros viverra eget', '판매중', '2021-06-01 00:00:00', '2021-09-23 00:00:00'),
	(858, '713348505-2', '경제', 'Vagram', 'Papagena', 'Vimbo', 100, 24051, 'noimage.png', 'morbi non lectus aliquam sit amet diam in magna bibendum imperdiet nullam orci pede venenatis non sodales', '절판', '2021-05-05 00:00:00', '2021-09-23 00:00:00'),
	(859, '044097786-X', '만화', 'Cardify', 'Alessandra', 'Agivu', 100, 9568, 'noimage.png', 'justo nec condimentum neque sapien placerat ante nulla justo aliquam', '판매중', '2020-12-05 00:00:00', '2021-09-23 00:00:00'),
	(860, '378243002-6', '여행', 'Andalax', 'Graham', 'Skajo', 100, 5915, 'noimage.png', 'risus dapibus augue vel accumsan tellus nisi eu orci mauris lacinia sapien quis libero nullam sit amet', '절판', '2021-09-17 00:00:00', '2021-09-23 00:00:00'),
	(861, '116875183-7', '외국어', 'Tres-Zap', 'Leonard', 'Rhyzio', 100, 7196, 'noimage.png', 'sed tristique in tempus sit amet sem fusce consequat nulla nisl nunc nisl duis', '품절', '2021-04-03 00:00:00', '2021-09-23 00:00:00'),
	(862, '700968731-5', '외국어', 'Mat Lam Tam', 'Junia', 'Yakijo', 100, 24075, 'noimage.png', 'ultrices mattis odio donec vitae nisi nam ultrices libero non mattis pulvinar nulla', '구편절판', '2021-02-03 00:00:00', '2021-09-23 00:00:00'),
	(863, '785382676-1', '소설', 'Wrapsafe', 'Foster', 'Rooxo', 100, 18402, 'noimage.png', 'cum sociis natoque penatibus et magnis dis parturient montes nascetur ridiculus mus', '품절', '2021-08-03 00:00:00', '2021-09-23 00:00:00'),
	(864, '440279599-0', '여행', 'Trippledex', 'Britteny', 'Realbuzz', 100, 28638, 'noimage.png', 'volutpat sapien arcu sed augue aliquam erat volutpat in congue etiam justo etiam pretium iaculis justo in hac habitasse platea', '구편절판', '2021-05-10 00:00:00', '2021-09-23 00:00:00'),
	(865, '651194229-5', '여행', 'Domainer', 'Danyelle', 'InnoZ', 100, 19530, 'noimage.png', 'dolor sit amet consectetuer adipiscing elit proin interdum mauris non ligula pellentesque ultrices phasellus id sapien in sapien iaculis congue', '판매중', '2021-02-25 00:00:00', '2021-09-23 00:00:00'),
	(866, '129350431-9', '여행', 'Tampflex', 'Agustin', 'Eare', 100, 19590, 'noimage.png', 'curae donec pharetra magna vestibulum aliquet ultrices erat tortor sollicitudin mi sit amet lobortis sapien', '판매중', '2021-01-30 00:00:00', '2021-09-23 00:00:00'),
	(867, '666744523-X', '여행', 'Sub-Ex', 'Stacia', 'Voomm', 100, 9036, 'noimage.png', 'vitae mattis nibh ligula nec sem duis aliquam convallis nunc proin at turpis a pede posuere nonummy integer non', '절판', '2020-10-09 00:00:00', '2021-09-23 00:00:00'),
	(868, '502001704-3', '경제', 'Stronghold', 'Leodora', 'Midel', 100, 24943, 'noimage.png', 'nisl duis bibendum felis sed interdum venenatis turpis enim blandit mi in porttitor pede justo eu massa donec', '구편절판', '2021-07-12 00:00:00', '2021-09-23 00:00:00'),
	(869, '265245933-3', '만화', 'Ventosanzap', 'Henrieta', 'Izio', 100, 5365, 'noimage.png', 'in faucibus orci luctus et ultrices posuere cubilia curae donec pharetra magna vestibulum aliquet', '품절', '2021-01-21 00:00:00', '2021-09-23 00:00:00'),
	(870, '495039786-9', '여행', 'Temp', 'Elke', 'Kamba', 100, 29875, 'noimage.png', 'dictumst etiam faucibus cursus urna ut tellus nulla ut erat id mauris vulputate elementum nullam varius', '구편절판', '2021-01-18 00:00:00', '2021-09-23 00:00:00'),
	(871, '796474003-2', '소설', 'Stringtough', 'Rayshell', 'Rhyloo', 100, 12803, 'noimage.png', 'pede posuere nonummy integer non velit donec diam neque vestibulum eget vulputate', '절판', '2021-05-19 00:00:00', '2021-09-23 00:00:00'),
	(872, '054349438-1', '만화', 'Zathin', 'Leonie', 'Realpoint', 100, 27819, 'noimage.png', 'ut erat curabitur gravida nisi at nibh in hac habitasse platea dictumst aliquam augue quam sollicitudin vitae consectetuer', '절판', '2021-04-19 00:00:00', '2021-09-23 00:00:00'),
	(873, '787150365-0', '여행', 'Keylex', 'Cull', 'Kayveo', 100, 13063, 'noimage.png', 'sapien iaculis congue vivamus metus arcu adipiscing molestie hendrerit at vulputate vitae nisl aenean lectus', '절판', '2020-09-30 00:00:00', '2021-09-23 00:00:00'),
	(874, '549484236-3', '여행', 'Namfix', 'Carmine', 'Fanoodle', 100, 13679, 'noimage.png', 'aliquam sit amet diam in magna bibendum imperdiet nullam orci pede venenatis non sodales sed tincidunt eu felis fusce posuere', '품절', '2020-12-09 00:00:00', '2021-09-23 00:00:00'),
	(875, '738219165-6', '경제', 'Daltfresh', 'Rica', 'Vinte', 100, 8818, 'noimage.png', 'mi integer ac neque duis bibendum morbi non quam nec dui luctus rutrum nulla tellus in sagittis dui vel nisl', '판매중', '2021-04-07 00:00:00', '2021-09-23 00:00:00'),
	(876, '999818823-7', '소설', 'Redhold', 'Lyn', 'Twinte', 100, 28500, 'noimage.png', 'vel accumsan tellus nisi eu orci mauris lacinia sapien quis libero nullam sit amet turpis elementum ligula vehicula', '구편절판', '2021-07-27 00:00:00', '2021-09-23 00:00:00'),
	(877, '815191261-8', '여행', 'Fix San', 'Angelita', 'Pixoboo', 100, 28561, 'noimage.png', 'sollicitudin mi sit amet lobortis sapien sapien non mi integer ac neque duis bibendum morbi non quam nec dui', '구편절판', '2020-12-20 00:00:00', '2021-09-23 00:00:00'),
	(878, '673317204-6', '소설', 'Prodder', 'Errol', 'Browsedrive', 100, 20986, 'noimage.png', 'eget congue eget semper rutrum nulla nunc purus phasellus in felis donec semper sapien a libero nam dui proin', '품절', '2021-03-17 00:00:00', '2021-09-23 00:00:00'),
	(879, '292149694-1', '경제', 'Bigtax', 'Ceciley', 'Jayo', 100, 22889, 'noimage.png', 'nulla nunc purus phasellus in felis donec semper sapien a libero nam dui proin leo odio porttitor id consequat', '절판', '2021-06-21 00:00:00', '2021-09-23 00:00:00'),
	(880, '539556591-4', '외국어', 'Sonair', 'Fran', 'Topiczoom', 100, 24909, 'noimage.png', 'maecenas pulvinar lobortis est phasellus sit amet erat nulla tempus vivamus in', '판매중', '2020-09-24 00:00:00', '2021-09-23 00:00:00'),
	(881, '654874017-3', '만화', 'Subin', 'Marylee', 'Abata', 100, 19171, 'noimage.png', 'id mauris vulputate elementum nullam varius nulla facilisi cras non velit nec nisi vulputate nonummy', '판매중', '2020-10-26 00:00:00', '2021-09-23 00:00:00'),
	(882, '725610253-4', '소설', 'Wrapsafe', 'Quill', 'Minyx', 100, 28528, 'noimage.png', 'eget semper rutrum nulla nunc purus phasellus in felis donec semper sapien a', '절판', '2021-02-28 00:00:00', '2021-09-23 00:00:00'),
	(883, '023390224-4', '만화', 'Namfix', 'Ellary', 'Zoonder', 100, 19977, 'noimage.png', 'orci luctus et ultrices posuere cubilia curae mauris viverra diam vitae quam suspendisse potenti nullam', '구편절판', '2021-03-12 00:00:00', '2021-09-23 00:00:00'),
	(884, '204997636-4', '외국어', 'Ronstring', 'Jacquette', 'Zoozzy', 100, 18196, 'noimage.png', 'sapien placerat ante nulla justo aliquam quis turpis eget elit sodales scelerisque mauris sit amet eros suspendisse accumsan', '절판', '2021-07-31 00:00:00', '2021-09-23 00:00:00'),
	(885, '088815670-7', '외국어', 'Flexidy', 'Laryssa', 'Photofeed', 100, 9422, 'noimage.png', 'pede justo lacinia eget tincidunt eget tempus vel pede morbi porttitor lorem id ligula suspendisse ornare consequat lectus', '구편절판', '2020-12-30 00:00:00', '2021-09-23 00:00:00'),
	(886, '798260364-5', '경제', 'It', 'Sande', 'Feedmix', 100, 11192, 'noimage.png', 'vestibulum vestibulum ante ipsum primis in faucibus orci luctus et ultrices posuere', '판매중', '2021-06-03 00:00:00', '2021-09-23 00:00:00'),
	(887, '347462293-5', '소설', 'Rank', 'Patti', 'Quamba', 100, 23617, 'noimage.png', 'fusce posuere felis sed lacus morbi sem mauris laoreet ut rhoncus', '품절', '2021-06-23 00:00:00', '2021-09-23 00:00:00'),
	(888, '775983342-3', '만화', 'Aerified', 'Werner', 'Kwideo', 100, 9559, 'noimage.png', 'risus dapibus augue vel accumsan tellus nisi eu orci mauris lacinia sapien quis libero nullam sit amet turpis', '판매중', '2020-11-02 00:00:00', '2021-09-23 00:00:00'),
	(889, '285064770-5', '경제', 'Job', 'Alair', 'Photolist', 100, 21116, 'noimage.png', 'consectetuer adipiscing elit proin interdum mauris non ligula pellentesque ultrices phasellus id sapien in', '판매중', '2020-12-19 00:00:00', '2021-09-23 00:00:00'),
	(890, '098445658-9', '소설', 'Flowdesk', 'Latrena', 'Oyoloo', 100, 8642, 'noimage.png', 'sapien quis libero nullam sit amet turpis elementum ligula vehicula consequat morbi a', '품절', '2021-09-17 00:00:00', '2021-09-23 00:00:00'),
	(891, '315308441-6', '외국어', 'Ronstring', 'Hamish', 'Aimbu', 100, 21791, 'noimage.png', 'at dolor quis odio consequat varius integer ac leo pellentesque ultrices mattis odio donec vitae nisi nam ultrices libero', '구편절판', '2021-06-25 00:00:00', '2021-09-23 00:00:00'),
	(892, '394928114-2', '소설', 'Gembucket', 'Ulrica', 'Skidoo', 100, 5716, 'noimage.png', 'dapibus duis at velit eu est congue elementum in hac habitasse platea dictumst morbi vestibulum', '품절', '2021-08-10 00:00:00', '2021-09-23 00:00:00'),
	(893, '720460668-X', '만화', 'Tres-Zap', 'Chantalle', 'Mybuzz', 100, 24908, 'noimage.png', 'cursus id turpis integer aliquet massa id lobortis convallis tortor', '품절', '2021-08-13 00:00:00', '2021-09-23 00:00:00'),
	(894, '301224207-4', '여행', 'Hatity', 'Shermy', 'Browsezoom', 100, 27271, 'noimage.png', 'orci mauris lacinia sapien quis libero nullam sit amet turpis elementum ligula vehicula consequat morbi a ipsum', '절판', '2021-03-29 00:00:00', '2021-09-23 00:00:00'),
	(895, '550374116-1', '외국어', 'Span', 'Damara', 'Rhyloo', 100, 10840, 'noimage.png', 'in leo maecenas pulvinar lobortis est phasellus sit amet erat nulla tempus vivamus in felis eu sapien cursus', '절판', '2021-03-16 00:00:00', '2021-09-23 00:00:00'),
	(896, '055889323-6', '만화', 'Andalax', 'Llywellyn', 'Voomm', 100, 18728, 'noimage.png', 'quisque ut erat curabitur gravida nisi at nibh in hac habitasse platea', '절판', '2021-05-24 00:00:00', '2021-09-23 00:00:00'),
	(897, '151451442-7', '경제', 'Span', 'Fernanda', 'Centidel', 100, 20702, 'noimage.png', 'placerat ante nulla justo aliquam quis turpis eget elit sodales scelerisque mauris sit amet', '구편절판', '2021-06-15 00:00:00', '2021-09-23 00:00:00'),
	(898, '195784226-1', '경제', 'Prodder', 'Bronny', 'Kwilith', 100, 22594, 'noimage.png', 'lobortis sapien sapien non mi integer ac neque duis bibendum morbi non quam', '품절', '2021-01-17 00:00:00', '2021-09-23 00:00:00'),
	(899, '249086708-3', '경제', 'Trippledex', 'Bride', 'Gabspot', 100, 27726, 'noimage.png', 'neque aenean auctor gravida sem praesent id massa id nisl venenatis lacinia', '품절', '2021-02-06 00:00:00', '2021-09-23 00:00:00'),
	(900, '150204141-3', '소설', 'Treeflex', 'Dunstan', 'Feedfish', 100, 13133, 'noimage.png', 'aenean auctor gravida sem praesent id massa id nisl venenatis lacinia aenean sit amet justo morbi ut odio', '절판', '2021-09-08 00:00:00', '2021-09-23 00:00:00'),
	(901, '245582393-8', '소설', 'Tres-Zap', 'Zitella', 'Tanoodle', 100, 16943, 'noimage.png', 'velit vivamus vel nulla eget eros elementum pellentesque quisque porta volutpat erat quisque erat', '구편절판', '2021-01-28 00:00:00', '2021-09-23 00:00:00'),
	(902, '526205647-4', '만화', 'Namfix', 'Eddy', 'Feedmix', 100, 17889, 'noimage.png', 'dui maecenas tristique est et tempus semper est quam pharetra magna', '구편절판', '2020-12-06 00:00:00', '2021-09-23 00:00:00'),
	(903, '218642168-2', '경제', 'Subin', 'Sawyere', 'Wikivu', 100, 6006, 'noimage.png', 'dui nec nisi volutpat eleifend donec ut dolor morbi vel lectus in quam fringilla rhoncus mauris enim leo rhoncus sed', '품절', '2021-06-25 00:00:00', '2021-09-23 00:00:00'),
	(904, '683304592-5', '외국어', 'Tempsoft', 'Cissiee', 'Mymm', 100, 15149, 'noimage.png', 'turpis sed ante vivamus tortor duis mattis egestas metus aenean fermentum', '품절', '2020-11-17 00:00:00', '2021-09-23 00:00:00'),
	(905, '291730631-9', '소설', 'Zamit', 'Vinny', 'Geba', 100, 20021, 'noimage.png', 'non quam nec dui luctus rutrum nulla tellus in sagittis dui vel nisl duis', '판매중', '2021-04-09 00:00:00', '2021-09-23 00:00:00'),
	(906, '055279716-2', '경제', 'Latlux', 'Nevin', 'Bubblemix', 100, 28638, 'noimage.png', 'iaculis diam erat fermentum justo nec condimentum neque sapien placerat ante nulla justo aliquam', '품절', '2021-04-18 00:00:00', '2021-09-23 00:00:00'),
	(907, '379407115-8', '여행', 'Gembucket', 'Leslie', 'Meevee', 100, 22241, 'noimage.png', 'mi in porttitor pede justo eu massa donec dapibus duis at', '절판', '2021-04-05 00:00:00', '2021-09-23 00:00:00'),
	(908, '797268260-7', '여행', 'Alpha', 'Niki', 'Jabbercube', 100, 29018, 'noimage.png', 'quis orci eget orci vehicula condimentum curabitur in libero ut massa volutpat convallis morbi odio odio', '품절', '2021-02-11 00:00:00', '2021-09-23 00:00:00'),
	(909, '584737978-1', '만화', 'Alphazap', 'Irwin', 'Centidel', 100, 22518, 'noimage.png', 'nisi venenatis tristique fusce congue diam id ornare imperdiet sapien urna pretium nisl ut volutpat sapien arcu sed augue aliquam', '판매중', '2021-02-24 00:00:00', '2021-09-23 00:00:00'),
	(910, '696514195-6', '만화', 'Tres-Zap', 'Alexandro', 'Linkbridge', 100, 9155, 'noimage.png', 'ante ipsum primis in faucibus orci luctus et ultrices posuere cubilia curae duis faucibus accumsan odio curabitur', '품절', '2021-04-07 00:00:00', '2021-09-23 00:00:00'),
	(911, '315691348-0', '소설', 'Viva', 'Duffy', 'Flipstorm', 100, 8809, 'noimage.png', 'nisl nunc rhoncus dui vel sem sed sagittis nam congue', '품절', '2021-03-28 00:00:00', '2021-09-23 00:00:00'),
	(912, '949820884-0', '만화', 'Voyatouch', 'Killian', 'Viva', 100, 10835, 'noimage.png', 'suscipit a feugiat et eros vestibulum ac est lacinia nisi venenatis tristique fusce congue diam', '판매중', '2021-01-26 00:00:00', '2021-09-23 00:00:00'),
	(913, '941594855-8', '여행', 'Trippledex', 'Jeanelle', 'Trilith', 100, 13703, 'noimage.png', 'arcu libero rutrum ac lobortis vel dapibus at diam nam tristique', '구편절판', '2020-11-23 00:00:00', '2021-09-23 00:00:00'),
	(914, '391151525-1', '소설', 'Cookley', 'Paulita', 'Brainlounge', 100, 26951, 'noimage.png', 'massa quis augue luctus tincidunt nulla mollis molestie lorem quisque ut erat curabitur gravida nisi at nibh in hac habitasse', '구편절판', '2021-04-13 00:00:00', '2021-09-23 00:00:00'),
	(915, '778384270-4', '소설', 'Zaam-Dox', 'Sandor', 'Bubblebox', 100, 26724, 'noimage.png', 'iaculis congue vivamus metus arcu adipiscing molestie hendrerit at vulputate', '구편절판', '2021-07-18 00:00:00', '2021-09-23 00:00:00'),
	(916, '022414815-X', '만화', 'Solarbreeze', 'Dietrich', 'Gabtype', 100, 26568, 'noimage.png', 'sapien in sapien iaculis congue vivamus metus arcu adipiscing molestie hendrerit at vulputate vitae nisl aenean lectus', '절판', '2021-08-27 00:00:00', '2021-09-23 00:00:00'),
	(917, '521134453-7', '소설', 'Fix San', 'Irene', 'Ntags', 100, 5980, 'noimage.png', 'enim sit amet nunc viverra dapibus nulla suscipit ligula in lacus curabitur at ipsum ac tellus semper', '판매중', '2020-12-02 00:00:00', '2021-09-23 00:00:00'),
	(918, '205596696-0', '만화', 'Stronghold', 'Rodi', 'Demizz', 100, 7733, 'noimage.png', 'vitae nisi nam ultrices libero non mattis pulvinar nulla pede ullamcorper', '판매중', '2020-11-21 00:00:00', '2021-09-23 00:00:00'),
	(919, '480137098-5', '만화', 'Flexidy', 'Linoel', 'Layo', 100, 26206, 'noimage.png', 'quam turpis adipiscing lorem vitae mattis nibh ligula nec sem duis aliquam convallis nunc proin at turpis a pede', '품절', '2021-04-13 00:00:00', '2021-09-23 00:00:00'),
	(920, '191153352-5', '여행', 'Sonair', 'Clem', 'Brightbean', 100, 26313, 'noimage.png', 'placerat ante nulla justo aliquam quis turpis eget elit sodales scelerisque mauris sit', '품절', '2021-01-21 00:00:00', '2021-09-23 00:00:00'),
	(921, '791314012-7', '여행', 'Solarbreeze', 'Clara', 'Demivee', 100, 23035, 'noimage.png', 'habitasse platea dictumst etiam faucibus cursus urna ut tellus nulla ut erat id mauris vulputate', '품절', '2021-09-16 00:00:00', '2021-09-23 00:00:00'),
	(922, '059692475-5', '외국어', 'Toughjoyfax', 'Alyssa', 'Babbleopia', 100, 19213, 'noimage.png', 'non interdum in ante vestibulum ante ipsum primis in faucibus', '품절', '2021-04-10 00:00:00', '2021-09-23 00:00:00'),
	(923, '596312732-7', '여행', 'Stronghold', 'Kelley', 'Rhynoodle', 100, 13308, 'noimage.png', 'nunc vestibulum ante ipsum primis in faucibus orci luctus et ultrices posuere cubilia curae mauris viverra diam', '절판', '2021-05-05 00:00:00', '2021-09-23 00:00:00'),
	(924, '066011985-4', '소설', 'Temp', 'Sidonnie', 'Devify', 100, 24000, 'noimage.png', 'vel sem sed sagittis nam congue risus semper porta volutpat quam pede lobortis ligula sit amet eleifend pede', '절판', '2021-05-08 00:00:00', '2021-09-23 00:00:00'),
	(925, '928438518-0', '경제', 'Kanlam', 'Tobin', 'Dynazzy', 100, 20573, 'noimage.png', 'rutrum at lorem integer tincidunt ante vel ipsum praesent blandit lacinia erat', '판매중', '2021-05-03 00:00:00', '2021-09-23 00:00:00'),
	(926, '250667968-5', '외국어', 'Vagram', 'Ashlee', 'Skinix', 100, 22506, 'noimage.png', 'accumsan felis ut at dolor quis odio consequat varius integer ac leo pellentesque ultrices mattis', '구편절판', '2021-05-21 00:00:00', '2021-09-23 00:00:00'),
	(927, '560257315-1', '여행', 'Tempsoft', 'Arte', 'Quatz', 100, 19853, 'noimage.png', 'pellentesque viverra pede ac diam cras pellentesque volutpat dui maecenas tristique est et tempus semper est quam', '구편절판', '2020-12-11 00:00:00', '2021-09-23 00:00:00'),
	(928, '987496457-X', '소설', 'Fixflex', 'Gib', 'Skaboo', 100, 14907, 'noimage.png', 'mus etiam vel augue vestibulum rutrum rutrum neque aenean auctor gravida sem praesent id massa id', '판매중', '2021-06-30 00:00:00', '2021-09-23 00:00:00'),
	(929, '733213624-4', '경제', 'Flowdesk', 'Tansy', 'Aimbo', 100, 10500, 'noimage.png', 'eu felis fusce posuere felis sed lacus morbi sem mauris laoreet ut rhoncus aliquet pulvinar sed nisl nunc rhoncus dui', '품절', '2021-08-06 00:00:00', '2021-09-23 00:00:00'),
	(930, '635614181-6', '여행', 'Sonsing', 'Reinald', 'Oyope', 100, 28245, 'noimage.png', 'semper interdum mauris ullamcorper purus sit amet nulla quisque arcu libero rutrum ac', '판매중', '2021-03-10 00:00:00', '2021-09-23 00:00:00'),
	(931, '825067580-0', '경제', 'Span', 'Hal', 'Brightdog', 100, 19262, 'noimage.png', 'luctus et ultrices posuere cubilia curae mauris viverra diam vitae quam suspendisse potenti nullam porttitor lacus at turpis donec', '품절', '2021-04-19 00:00:00', '2021-09-23 00:00:00'),
	(932, '641813931-3', '여행', 'Tampflex', 'Tamqrah', 'Leexo', 100, 8039, 'noimage.png', 'volutpat dui maecenas tristique est et tempus semper est quam pharetra magna ac consequat metus', '판매중', '2021-08-19 00:00:00', '2021-09-23 00:00:00'),
	(933, '986693337-7', '외국어', 'Zamit', 'Edgard', 'Tanoodle', 100, 20797, 'noimage.png', 'lorem ipsum dolor sit amet consectetuer adipiscing elit proin interdum mauris non ligula pellentesque ultrices', '판매중', '2021-04-21 00:00:00', '2021-09-23 00:00:00'),
	(934, '436277828-4', '외국어', 'Opela', 'Henryetta', 'Topicblab', 100, 6157, 'noimage.png', 'justo in hac habitasse platea dictumst etiam faucibus cursus urna ut tellus nulla ut erat', '절판', '2021-09-07 00:00:00', '2021-09-23 00:00:00'),
	(935, '478976398-6', '여행', 'Matsoft', 'Blondell', 'Devcast', 100, 21107, 'noimage.png', 'bibendum imperdiet nullam orci pede venenatis non sodales sed tincidunt', '판매중', '2020-12-24 00:00:00', '2021-09-23 00:00:00'),
	(936, '214365015-9', '만화', 'Tres-Zap', 'Ari', 'Thoughtworks', 100, 26093, 'noimage.png', 'nam ultrices libero non mattis pulvinar nulla pede ullamcorper augue a', '판매중', '2020-11-11 00:00:00', '2021-09-23 00:00:00'),
	(937, '351769264-6', '경제', 'Tampflex', 'Andriette', 'Oozz', 100, 16906, 'noimage.png', 'nunc proin at turpis a pede posuere nonummy integer non velit', '절판', '2020-10-10 00:00:00', '2021-09-23 00:00:00'),
	(938, '771956219-4', '여행', 'Tempsoft', 'Ingra', 'Meemm', 100, 28070, 'noimage.png', 'eros viverra eget congue eget semper rutrum nulla nunc purus phasellus in felis donec semper sapien a libero nam dui', '구편절판', '2021-09-01 00:00:00', '2021-09-23 00:00:00'),
	(939, '452497960-3', '만화', 'Cardify', 'Delano', 'Kwideo', 100, 23900, 'noimage.png', 'tincidunt lacus at velit vivamus vel nulla eget eros elementum pellentesque quisque porta volutpat erat quisque erat eros viverra eget', '판매중', '2021-06-29 00:00:00', '2021-09-23 00:00:00'),
	(940, '123804056-X', '만화', 'Quo Lux', 'Darrel', 'Yamia', 100, 28853, 'noimage.png', 'dui maecenas tristique est et tempus semper est quam pharetra magna ac consequat metus sapien ut nunc vestibulum ante', '판매중', '2021-09-17 00:00:00', '2021-09-23 00:00:00'),
	(941, '105006492-5', '외국어', 'Andalax', 'Hammad', 'Eadel', 100, 26582, 'noimage.png', 'semper porta volutpat quam pede lobortis ligula sit amet eleifend pede', '구편절판', '2020-11-03 00:00:00', '2021-09-23 00:00:00'),
	(942, '411154024-4', '경제', 'Vagram', 'Adriena', 'Tagtune', 100, 20380, 'noimage.png', 'luctus nec molestie sed justo pellentesque viverra pede ac diam cras pellentesque volutpat dui maecenas tristique', '절판', '2020-11-11 00:00:00', '2021-09-23 00:00:00'),
	(943, '819830538-6', '여행', 'Vagram', 'Kacie', 'Riffwire', 100, 13690, 'noimage.png', 'imperdiet nullam orci pede venenatis non sodales sed tincidunt eu felis fusce posuere felis sed lacus morbi sem mauris', '판매중', '2021-01-31 00:00:00', '2021-09-23 00:00:00'),
	(944, '214073064-X', '외국어', 'Hatity', 'Ewart', 'Yodoo', 100, 29122, 'noimage.png', 'curabitur convallis duis consequat dui nec nisi volutpat eleifend donec ut dolor morbi vel', '판매중', '2021-02-06 00:00:00', '2021-09-23 00:00:00'),
	(945, '835287736-4', '경제', 'Lotstring', 'Byram', 'Yodo', 100, 28960, 'noimage.png', 'vestibulum eget vulputate ut ultrices vel augue vestibulum ante ipsum primis in', '품절', '2020-12-26 00:00:00', '2021-09-23 00:00:00'),
	(946, '892378296-3', '경제', 'Stim', 'Leela', 'Gigaclub', 100, 10452, 'noimage.png', 'vitae ipsum aliquam non mauris morbi non lectus aliquam sit amet diam in', '품절', '2021-01-05 00:00:00', '2021-09-23 00:00:00'),
	(947, '091276693-X', '소설', 'Transcof', 'Maison', 'Bubblemix', 100, 7024, 'noimage.png', 'donec ut dolor morbi vel lectus in quam fringilla rhoncus mauris enim leo rhoncus sed vestibulum sit amet cursus id', '품절', '2021-09-02 00:00:00', '2021-09-23 00:00:00'),
	(948, '041492430-4', '소설', 'Matsoft', 'Yovonnda', 'Feedmix', 100, 17039, 'noimage.png', 'neque sapien placerat ante nulla justo aliquam quis turpis eget elit sodales scelerisque', '판매중', '2021-05-19 00:00:00', '2021-09-23 00:00:00'),
	(949, '688732515-2', '소설', 'Fix San', 'Delia', 'Talane', 100, 20206, 'noimage.png', 'fusce congue diam id ornare imperdiet sapien urna pretium nisl ut volutpat sapien arcu sed augue', '판매중', '2021-05-15 00:00:00', '2021-09-23 00:00:00'),
	(950, '854734084-X', '여행', 'Andalax', 'Trina', 'Thoughtstorm', 100, 6159, 'noimage.png', 'orci luctus et ultrices posuere cubilia curae duis faucibus accumsan', '절판', '2021-05-20 00:00:00', '2021-09-23 00:00:00'),
	(951, '853752393-3', '만화', 'Bytecard', 'Gill', 'Tanoodle', 100, 18726, 'noimage.png', 'vel lectus in quam fringilla rhoncus mauris enim leo rhoncus sed vestibulum', '구편절판', '2021-01-05 00:00:00', '2021-09-23 00:00:00'),
	(952, '392325491-1', '만화', 'Sub-Ex', 'Banky', 'Eabox', 100, 12050, 'noimage.png', 'quam pharetra magna ac consequat metus sapien ut nunc vestibulum ante ipsum', '구편절판', '2021-02-17 00:00:00', '2021-09-23 00:00:00'),
	(953, '587181558-8', '만화', 'Sub-Ex', 'Chaunce', 'Brightbean', 100, 23575, 'noimage.png', 'elementum in hac habitasse platea dictumst morbi vestibulum velit id', '절판', '2021-07-05 00:00:00', '2021-09-23 00:00:00'),
	(954, '725482945-3', '소설', 'Asoka', 'Sander', 'Gabtype', 100, 14355, 'noimage.png', 'orci nullam molestie nibh in lectus pellentesque at nulla suspendisse potenti cras in purus eu magna vulputate', '구편절판', '2021-03-31 00:00:00', '2021-09-23 00:00:00'),
	(955, '754873022-5', '만화', 'Otcom', 'Ephrem', 'Ooba', 100, 15182, 'noimage.png', 'molestie hendrerit at vulputate vitae nisl aenean lectus pellentesque eget', '판매중', '2021-01-15 00:00:00', '2021-09-23 00:00:00'),
	(956, '546742974-4', '경제', 'Quo Lux', 'Katharyn', 'Thoughtbeat', 100, 26095, 'noimage.png', 'eget semper rutrum nulla nunc purus phasellus in felis donec semper sapien a libero nam dui', '품절', '2021-09-07 00:00:00', '2021-09-23 00:00:00'),
	(957, '822931402-0', '소설', 'Alphazap', 'Cart', 'Dabvine', 100, 22529, 'noimage.png', 'vestibulum ante ipsum primis in faucibus orci luctus et ultrices posuere cubilia curae mauris', '판매중', '2021-08-11 00:00:00', '2021-09-23 00:00:00'),
	(958, '611900453-X', '경제', 'Sonsing', 'Torre', 'Zoomzone', 100, 25240, 'noimage.png', 'suspendisse potenti nullam porttitor lacus at turpis donec posuere metus vitae ipsum aliquam non mauris morbi non lectus aliquam sit', '절판', '2020-11-12 00:00:00', '2021-09-23 00:00:00'),
	(959, '027018093-1', '소설', 'Voyatouch', 'Kliment', 'Avaveo', 100, 27283, 'noimage.png', 'et magnis dis parturient montes nascetur ridiculus mus etiam vel augue vestibulum rutrum rutrum neque aenean auctor gravida', '품절', '2021-09-09 00:00:00', '2021-09-23 00:00:00'),
	(960, '772547737-3', '여행', 'Kanlam', 'Emmey', 'Skimia', 100, 25987, 'noimage.png', 'pellentesque viverra pede ac diam cras pellentesque volutpat dui maecenas tristique est et tempus semper est quam pharetra', '판매중', '2021-03-06 00:00:00', '2021-09-23 00:00:00'),
	(961, '953534888-4', '여행', 'Biodex', 'Cherlyn', 'Quimba', 100, 28090, 'noimage.png', 'vulputate vitae nisl aenean lectus pellentesque eget nunc donec quis orci eget orci vehicula condimentum curabitur in libero ut massa', '품절', '2021-03-23 00:00:00', '2021-09-23 00:00:00'),
	(962, '775546898-4', '외국어', 'Kanlam', 'Marius', 'Edgetag', 100, 26908, 'noimage.png', 'sed tristique in tempus sit amet sem fusce consequat nulla nisl nunc nisl duis bibendum felis sed interdum', '품절', '2020-12-25 00:00:00', '2021-09-23 00:00:00'),
	(963, '925048749-5', '여행', 'Job', 'Carolin', 'Plajo', 100, 23867, 'noimage.png', 'ullamcorper purus sit amet nulla quisque arcu libero rutrum ac lobortis', '구편절판', '2021-07-11 00:00:00', '2021-09-23 00:00:00'),
	(964, '701378689-6', '여행', 'Zoolab', 'Franni', 'Brainverse', 100, 11127, 'noimage.png', 'eros suspendisse accumsan tortor quis turpis sed ante vivamus tortor duis mattis egestas metus aenean', '절판', '2020-12-16 00:00:00', '2021-09-23 00:00:00'),
	(965, '696942867-2', '여행', 'Hatity', 'Emylee', 'Cogibox', 100, 22617, 'noimage.png', 'amet nunc viverra dapibus nulla suscipit ligula in lacus curabitur at ipsum ac tellus semper interdum', '절판', '2021-06-09 00:00:00', '2021-09-23 00:00:00'),
	(966, '622140503-3', '외국어', 'Zontrax', 'Oralie', 'Browsetype', 100, 23594, 'noimage.png', 'habitasse platea dictumst morbi vestibulum velit id pretium iaculis diam erat fermentum justo', '판매중', '2021-05-28 00:00:00', '2021-09-23 00:00:00'),
	(967, '304407008-2', '여행', 'Kanlam', 'Nobe', 'Photofeed', 100, 28435, 'noimage.png', 'sapien non mi integer ac neque duis bibendum morbi non quam nec dui luctus rutrum nulla tellus', '절판', '2021-09-19 00:00:00', '2021-09-23 00:00:00'),
	(968, '762449196-6', '외국어', 'Sub-Ex', 'Sadella', 'Camido', 100, 20073, 'noimage.png', 'erat volutpat in congue etiam justo etiam pretium iaculis justo in hac habitasse platea dictumst etiam faucibus cursus urna', '품절', '2021-03-11 00:00:00', '2021-09-23 00:00:00'),
	(969, '404053745-9', '외국어', 'Tin', 'Florinda', 'Zoombeat', 100, 16591, 'noimage.png', 'rutrum nulla tellus in sagittis dui vel nisl duis ac nibh fusce lacus purus aliquet at', '절판', '2021-03-01 00:00:00', '2021-09-23 00:00:00'),
	(970, '528287652-3', '여행', 'Alpha', 'Dionis', 'Feedmix', 100, 7158, 'noimage.png', 'in felis donec semper sapien a libero nam dui proin leo odio porttitor id consequat in consequat ut', '판매중', '2020-12-10 00:00:00', '2021-09-23 00:00:00'),
	(971, '126442473-6', '만화', 'Ventosanzap', 'Avie', 'Viva', 100, 29196, 'noimage.png', 'erat tortor sollicitudin mi sit amet lobortis sapien sapien non', '판매중', '2021-09-11 00:00:00', '2021-09-23 00:00:00'),
	(972, '408427723-1', '외국어', 'Zontrax', 'Myra', 'Zoomdog', 100, 10478, 'noimage.png', 'in congue etiam justo etiam pretium iaculis justo in hac habitasse platea dictumst etiam faucibus cursus urna ut tellus', '구편절판', '2021-03-25 00:00:00', '2021-09-23 00:00:00'),
	(973, '329635687-8', '외국어', 'Pannier', 'Phylys', 'Jaxworks', 100, 26980, 'noimage.png', 'mi nulla ac enim in tempor turpis nec euismod scelerisque quam turpis adipiscing lorem', '판매중', '2021-06-24 00:00:00', '2021-09-23 00:00:00'),
	(974, '303762648-8', '여행', 'Tin', 'Julieta', 'Trudoo', 100, 13794, 'noimage.png', 'quis orci nullam molestie nibh in lectus pellentesque at nulla suspendisse potenti cras in', '판매중', '2021-05-22 00:00:00', '2021-09-23 00:00:00'),
	(975, '723724966-5', '경제', 'Konklab', 'Kip', 'Rhyloo', 100, 26960, 'noimage.png', 'pellentesque ultrices mattis odio donec vitae nisi nam ultrices libero non mattis pulvinar nulla pede ullamcorper augue a suscipit', '구편절판', '2020-12-05 00:00:00', '2021-09-23 00:00:00'),
	(976, '247237431-3', '경제', 'Opela', 'Ferne', 'Gigazoom', 100, 10675, 'noimage.png', 'sociis natoque penatibus et magnis dis parturient montes nascetur ridiculus mus etiam vel augue vestibulum rutrum rutrum neque aenean auctor', '판매중', '2020-12-06 00:00:00', '2021-09-23 00:00:00'),
	(977, '537960410-2', '외국어', 'Trippledex', 'Pat', 'Avamba', 100, 6811, 'noimage.png', 'vel lectus in quam fringilla rhoncus mauris enim leo rhoncus sed vestibulum sit amet cursus id turpis', '품절', '2021-07-03 00:00:00', '2021-09-23 00:00:00'),
	(978, '247248008-3', '외국어', 'Bitchip', 'Toby', 'Wikizz', 100, 6679, 'noimage.png', 'vestibulum eget vulputate ut ultrices vel augue vestibulum ante ipsum primis', '품절', '2020-12-28 00:00:00', '2021-09-23 00:00:00'),
	(979, '452838795-6', '만화', 'Span', 'Maddy', 'Kamba', 100, 18829, 'noimage.png', 'nulla nunc purus phasellus in felis donec semper sapien a libero nam dui proin leo odio porttitor id consequat', '구편절판', '2021-01-20 00:00:00', '2021-09-23 00:00:00'),
	(980, '614449467-7', '경제', 'Stronghold', 'Karel', 'Trudeo', 100, 22529, 'noimage.png', 'lacus at turpis donec posuere metus vitae ipsum aliquam non mauris morbi non lectus aliquam sit amet', '구편절판', '2021-06-08 00:00:00', '2021-09-23 00:00:00'),
	(981, '061704519-4', '여행', 'Hatity', 'Heddi', 'Thoughtsphere', 100, 13708, 'noimage.png', 'quis tortor id nulla ultrices aliquet maecenas leo odio condimentum id luctus nec', '절판', '2021-06-23 00:00:00', '2021-09-23 00:00:00'),
	(982, '371354891-9', '여행', 'Vagram', 'Xylia', 'Realpoint', 100, 18470, 'noimage.png', 'donec semper sapien a libero nam dui proin leo odio porttitor', '품절', '2020-12-26 00:00:00', '2021-09-23 00:00:00'),
	(983, '061375608-8', '외국어', 'Trippledex', 'Lola', 'Vinder', 100, 20385, 'noimage.png', 'nisl venenatis lacinia aenean sit amet justo morbi ut odio cras mi', '품절', '2020-10-09 00:00:00', '2021-09-23 00:00:00'),
	(984, '946160390-8', '만화', 'Daltfresh', 'Vincenty', 'Skalith', 100, 15327, 'noimage.png', 'dolor vel est donec odio justo sollicitudin ut suscipit a feugiat et eros vestibulum', '구편절판', '2021-08-19 00:00:00', '2021-09-23 00:00:00'),
	(985, '618090306-9', '외국어', 'Home Ing', 'Nettle', 'Plambee', 100, 5805, 'noimage.png', 'nulla justo aliquam quis turpis eget elit sodales scelerisque mauris sit amet eros suspendisse accumsan tortor', '품절', '2020-10-31 00:00:00', '2021-09-23 00:00:00'),
	(986, '891937141-5', '여행', 'Alpha', 'Dicky', 'Babbleset', 100, 21613, 'noimage.png', 'nunc proin at turpis a pede posuere nonummy integer non velit donec diam neque vestibulum eget vulputate', '품절', '2020-11-26 00:00:00', '2021-09-23 00:00:00'),
	(987, '808201533-0', '소설', 'Sub-Ex', 'Alysia', 'Shuffledrive', 100, 25169, 'noimage.png', 'lobortis est phasellus sit amet erat nulla tempus vivamus in felis eu sapien cursus vestibulum proin eu mi', '구편절판', '2021-03-13 00:00:00', '2021-09-23 00:00:00'),
	(988, '137535600-3', '여행', 'Rank', 'Hermon', 'Yadel', 100, 10572, 'noimage.png', 'aliquet ultrices erat tortor sollicitudin mi sit amet lobortis sapien sapien non mi integer ac', '구편절판', '2021-09-11 00:00:00', '2021-09-23 00:00:00'),
	(989, '891944942-2', '경제', 'Veribet', 'Langston', 'Jabbersphere', 100, 18825, 'noimage.png', 'fermentum justo nec condimentum neque sapien placerat ante nulla justo', '품절', '2021-01-18 00:00:00', '2021-09-23 00:00:00'),
	(990, '386996815-X', '외국어', 'Lotlux', 'Karil', 'Fivespan', 100, 28516, 'noimage.png', 'augue aliquam erat volutpat in congue etiam justo etiam pretium iaculis justo in hac', '판매중', '2020-12-14 00:00:00', '2021-09-23 00:00:00'),
	(991, '091151379-5', '경제', 'Stringtough', 'Tyson', 'Thoughtstorm', 100, 28755, 'noimage.png', 'eu est congue elementum in hac habitasse platea dictumst morbi vestibulum velit id pretium iaculis diam', '품절', '2021-07-10 00:00:00', '2021-09-23 00:00:00'),
	(992, '350391530-3', '만화', 'Pannier', 'Anjela', 'Zava', 100, 26424, 'noimage.png', 'adipiscing elit proin interdum mauris non ligula pellentesque ultrices phasellus id sapien in sapien iaculis congue', '절판', '2021-03-16 00:00:00', '2021-09-23 00:00:00'),
	(993, '508832008-6', '경제', 'Namfix', 'Evin', 'InnoZ', 100, 21195, 'noimage.png', 'erat quisque erat eros viverra eget congue eget semper rutrum nulla nunc purus phasellus in', '품절', '2021-07-30 00:00:00', '2021-09-23 00:00:00'),
	(994, '865203292-0', '여행', 'Zathin', 'Danya', 'Skivee', 100, 21031, 'noimage.png', 'primis in faucibus orci luctus et ultrices posuere cubilia curae', '절판', '2021-04-21 00:00:00', '2021-09-23 00:00:00'),
	(995, '539357012-0', '소설', 'Rank', 'Thomasin', 'Realfire', 100, 25216, 'noimage.png', 'quis lectus suspendisse potenti in eleifend quam a odio in hac habitasse platea dictumst maecenas ut massa quis augue', '판매중', '2021-02-24 00:00:00', '2021-09-23 00:00:00'),
	(996, '061493550-4', '경제', 'Redhold', 'Guillaume', 'Cogidoo', 100, 22387, 'noimage.png', 'sit amet nunc viverra dapibus nulla suscipit ligula in lacus curabitur at ipsum ac tellus', '구편절판', '2021-02-05 00:00:00', '2021-09-23 00:00:00'),
	(997, '083523030-9', '여행', 'Temp', 'Lemmie', 'Cogidoo', 100, 9496, 'noimage.png', 'dui nec nisi volutpat eleifend donec ut dolor morbi vel lectus in quam', '구편절판', '2021-03-27 00:00:00', '2021-09-23 00:00:00'),
	(998, '595165656-7', '소설', 'Y-Solowarm', 'Ilka', 'Jaxbean', 100, 15415, 'noimage.png', 'nam nulla integer pede justo lacinia eget tincidunt eget tempus vel pede morbi porttitor lorem id', '구편절판', '2020-11-24 00:00:00', '2021-09-23 00:00:00'),
	(999, '939244668-3', '소설', 'Bamity', 'Kaycee', 'Oyoyo', 100, 28238, 'noimage.png', 'parturient montes nascetur ridiculus mus vivamus vestibulum sagittis sapien cum sociis natoque penatibus et magnis', '절판', '2021-07-21 00:00:00', '2021-09-23 00:00:00'),
	(1000, '059440039-2', '소설', 'Holdlamis', 'Tine', 'Oyoba', 100, 24295, 'noimage.png', 'proin leo odio porttitor id consequat in consequat ut nulla sed accumsan', '판매중', '2020-10-18 00:00:00', '2021-09-23 00:00:00');
/*!40000 ALTER TABLE `ebook` ENABLE KEYS */;

-- 테이블 shop.member 구조 내보내기
CREATE TABLE IF NOT EXISTS `member` (
  `member_no` int(11) NOT NULL AUTO_INCREMENT,
  `member_id` varchar(50) NOT NULL,
  `member_pw` varchar(200) NOT NULL,
  `member_name` varchar(200) NOT NULL,
  `member_age` int(11) NOT NULL,
  `member_gender` enum('남','여') NOT NULL,
  `member_level` int(11) NOT NULL,
  `create_date` datetime NOT NULL,
  `update_date` datetime NOT NULL,
  PRIMARY KEY (`member_no`),
  UNIQUE KEY `member_id` (`member_id`)
) ENGINE=InnoDB AUTO_INCREMENT=109 DEFAULT CHARSET=utf8mb3;

-- 테이블 데이터 shop.member:~101 rows (대략적) 내보내기
DELETE FROM `member`;
/*!40000 ALTER TABLE `member` DISABLE KEYS */;
INSERT INTO `member` (`member_no`, `member_id`, `member_pw`, `member_name`, `member_age`, `member_gender`, `member_level`, `create_date`, `update_date`) VALUES
	(6, 'admin', '*A4B6157319038724E3560894F7F932C8886EBFCF', '관리자', 58, '남', 1, '2021-09-15 00:00:00', '2021-09-15 00:00:00'),
	(7, 'goodee', '*A4B6157319038724E3560894F7F932C8886EBFCF', 'Ag', 73, '여', 0, '2021-09-15 00:00:00', '2021-09-15 00:00:00'),
	(8, '674610208-4', '*A4B6157319038724E3560894F7F932C8886EBFCF', 'Cal', 62, '여', 0, '2021-09-15 00:00:00', '2021-09-15 00:00:00'),
	(9, '772800049-7', '*A4B6157319038724E3560894F7F932C8886EBFCF', 'Tyne', 43, '남', 0, '2021-09-15 00:00:00', '2021-09-15 00:00:00'),
	(10, '157886444-5', '*A4B6157319038724E3560894F7F932C8886EBFCF', 'Marion', 82, '남', 0, '2021-09-15 00:00:00', '2021-09-15 00:00:00'),
	(11, '367861507-4', '*A4B6157319038724E3560894F7F932C8886EBFCF', 'Stirling', 90, '남', 0, '2021-09-15 00:00:00', '2021-09-15 00:00:00'),
	(12, '785786010-7', '*A4B6157319038724E3560894F7F932C8886EBFCF', 'Myron', 31, '여', 0, '2021-09-15 00:00:00', '2021-09-15 00:00:00'),
	(13, '076276790-1', '*A4B6157319038724E3560894F7F932C8886EBFCF', 'Carin', 33, '남', 0, '2021-09-15 00:00:00', '2021-09-15 00:00:00'),
	(14, '947276491-6', '*A4B6157319038724E3560894F7F932C8886EBFCF', 'Ashely', 88, '남', 0, '2021-09-15 00:00:00', '2021-09-15 00:00:00'),
	(16, '546429739-1', '*7F0C90A004C46C64A0EB9DDDCE5DE0DC437A635C', 'Bondon', 90, '남', 0, '2021-09-15 00:00:00', '2021-09-17 17:21:49'),
	(17, '313980657-4', '*A4B6157319038724E3560894F7F932C8886EBFCF', 'Palmer', 24, '여', 0, '2021-09-15 00:00:00', '2021-09-15 00:00:00'),
	(18, '998572270-1', '*A4B6157319038724E3560894F7F932C8886EBFCF', 'Kirk', 39, '남', 0, '2021-09-15 00:00:00', '2021-09-15 00:00:00'),
	(19, '166281653-7', '*A4B6157319038724E3560894F7F932C8886EBFCF', 'Oran', 82, '여', 0, '2021-09-15 00:00:00', '2021-09-15 00:00:00'),
	(20, '139025876-9', '*A4B6157319038724E3560894F7F932C8886EBFCF', 'Vail', 67, '여', 0, '2021-09-15 00:00:00', '2021-09-15 00:00:00'),
	(21, '757778566-0', '*A4B6157319038724E3560894F7F932C8886EBFCF', 'Stephannie', 17, '여', 0, '2021-09-15 00:00:00', '2021-09-15 00:00:00'),
	(22, '729565510-7', '*A4B6157319038724E3560894F7F932C8886EBFCF', 'Roxy', 93, '남', 0, '2021-09-15 00:00:00', '2021-09-15 00:00:00'),
	(23, '319929571-1', '*A4B6157319038724E3560894F7F932C8886EBFCF', 'Andriana', 45, '여', 0, '2021-09-15 00:00:00', '2021-09-15 00:00:00'),
	(24, '231675838-X', '*A4B6157319038724E3560894F7F932C8886EBFCF', 'Loralie', 82, '여', 0, '2021-09-15 00:00:00', '2021-09-15 00:00:00'),
	(25, '983839897-7', '*A4B6157319038724E3560894F7F932C8886EBFCF', 'Brandtr', 86, '남', 0, '2021-09-15 00:00:00', '2021-09-15 00:00:00'),
	(26, '784978250-X', '*A4B6157319038724E3560894F7F932C8886EBFCF', 'Cassy', 60, '여', 0, '2021-09-15 00:00:00', '2021-09-15 00:00:00'),
	(27, '046071675-1', '*A4B6157319038724E3560894F7F932C8886EBFCF', 'Bear', 21, '여', 0, '2021-09-15 00:00:00', '2021-09-15 00:00:00'),
	(28, '428282454-9', '*A4B6157319038724E3560894F7F932C8886EBFCF', 'Tiebout', 55, '여', 0, '2021-09-15 00:00:00', '2021-09-15 00:00:00'),
	(29, '686524529-6', '*A4B6157319038724E3560894F7F932C8886EBFCF', 'Rebe', 71, '남', 0, '2021-09-15 00:00:00', '2021-09-15 00:00:00'),
	(30, '720454389-0', '*A4B6157319038724E3560894F7F932C8886EBFCF', 'Akim', 41, '남', 0, '2021-09-15 00:00:00', '2021-09-15 00:00:00'),
	(31, '260553917-2', '*A4B6157319038724E3560894F7F932C8886EBFCF', 'Domingo', 30, '남', 0, '2021-09-15 00:00:00', '2021-09-15 00:00:00'),
	(32, '479347141-2', '*A4B6157319038724E3560894F7F932C8886EBFCF', 'Lance', 46, '여', 0, '2021-09-15 00:00:00', '2021-09-15 00:00:00'),
	(33, '534898788-3', '*A4B6157319038724E3560894F7F932C8886EBFCF', 'Corney', 75, '남', 0, '2021-09-15 00:00:00', '2021-09-15 00:00:00'),
	(34, '871595619-9', '*A4B6157319038724E3560894F7F932C8886EBFCF', 'Alice', 25, '남', 0, '2021-09-15 00:00:00', '2021-09-15 00:00:00'),
	(35, '160490561-1', '*A4B6157319038724E3560894F7F932C8886EBFCF', 'Marti', 85, '남', 0, '2021-09-15 00:00:00', '2021-09-15 00:00:00'),
	(36, '816220183-1', '*A4B6157319038724E3560894F7F932C8886EBFCF', 'Elmore', 95, '남', 0, '2021-09-15 00:00:00', '2021-09-15 00:00:00'),
	(37, '718661294-6', '*A4B6157319038724E3560894F7F932C8886EBFCF', 'Jaymie', 13, '남', 0, '2021-09-15 00:00:00', '2021-09-15 00:00:00'),
	(38, '775019205-0', '*A4B6157319038724E3560894F7F932C8886EBFCF', 'Hamil', 41, '여', 0, '2021-09-15 00:00:00', '2021-09-15 00:00:00'),
	(39, '503993370-3', '*A4B6157319038724E3560894F7F932C8886EBFCF', 'Nessa', 70, '여', 0, '2021-09-15 00:00:00', '2021-09-15 00:00:00'),
	(40, '737317673-9', '*A4B6157319038724E3560894F7F932C8886EBFCF', 'Skelly', 64, '남', 0, '2021-09-15 00:00:00', '2021-09-15 00:00:00'),
	(41, '499963515-1', '*A4B6157319038724E3560894F7F932C8886EBFCF', 'Delores', 98, '남', 0, '2021-09-15 00:00:00', '2021-09-15 00:00:00'),
	(42, '465938970-7', '*A4B6157319038724E3560894F7F932C8886EBFCF', 'Gail', 93, '남', 0, '2021-09-15 00:00:00', '2021-09-15 00:00:00'),
	(43, '772714419-3', '*A4B6157319038724E3560894F7F932C8886EBFCF', 'Ted', 30, '여', 0, '2021-09-15 00:00:00', '2021-09-15 00:00:00'),
	(44, '131097048-3', '*A4B6157319038724E3560894F7F932C8886EBFCF', 'Shaun', 86, '여', 0, '2021-09-15 00:00:00', '2021-09-15 00:00:00'),
	(45, '355617287-9', '*A4B6157319038724E3560894F7F932C8886EBFCF', 'Frasco', 90, '여', 0, '2021-09-15 00:00:00', '2021-09-15 00:00:00'),
	(46, '581886379-4', '*A4B6157319038724E3560894F7F932C8886EBFCF', 'Brooke', 23, '남', 0, '2021-09-15 00:00:00', '2021-09-15 00:00:00'),
	(47, '868520143-8', '*A4B6157319038724E3560894F7F932C8886EBFCF', 'Almeria', 88, '남', 0, '2021-09-15 00:00:00', '2021-09-15 00:00:00'),
	(48, '553186325-X', '*A4B6157319038724E3560894F7F932C8886EBFCF', 'Natalie', 48, '남', 0, '2021-09-15 00:00:00', '2021-09-15 00:00:00'),
	(49, '269507458-1', '*A4B6157319038724E3560894F7F932C8886EBFCF', 'Caro', 29, '남', 0, '2021-09-15 00:00:00', '2021-09-15 00:00:00'),
	(50, '852779189-7', '*A4B6157319038724E3560894F7F932C8886EBFCF', 'Der', 47, '여', 0, '2021-09-15 00:00:00', '2021-09-15 00:00:00'),
	(51, '649923511-3', '*A4B6157319038724E3560894F7F932C8886EBFCF', 'Joletta', 18, '남', 0, '2021-09-15 00:00:00', '2021-09-15 00:00:00'),
	(52, '844979985-6', '*A4B6157319038724E3560894F7F932C8886EBFCF', 'Mommy', 27, '남', 0, '2021-09-15 00:00:00', '2021-09-15 00:00:00'),
	(53, '418480485-3', '*A4B6157319038724E3560894F7F932C8886EBFCF', 'Adelaide', 51, '남', 0, '2021-09-15 00:00:00', '2021-09-15 00:00:00'),
	(54, '815186423-0', '*A4B6157319038724E3560894F7F932C8886EBFCF', 'Wesley', 38, '여', 0, '2021-09-15 00:00:00', '2021-09-15 00:00:00'),
	(55, '265825153-X', '*A4B6157319038724E3560894F7F932C8886EBFCF', 'Shena', 13, '남', 0, '2021-09-15 00:00:00', '2021-09-15 00:00:00'),
	(56, '596142359-X', '*A4B6157319038724E3560894F7F932C8886EBFCF', 'Amii', 33, '남', 0, '2021-09-15 00:00:00', '2021-09-15 00:00:00'),
	(57, '394176590-6', '*A4B6157319038724E3560894F7F932C8886EBFCF', 'Beilul', 61, '여', 0, '2021-09-15 00:00:00', '2021-09-15 00:00:00'),
	(58, '826670644-1', '*A4B6157319038724E3560894F7F932C8886EBFCF', 'Dillie', 20, '여', 0, '2021-09-15 00:00:00', '2021-09-15 00:00:00'),
	(59, '367209282-7', '*A4B6157319038724E3560894F7F932C8886EBFCF', 'Darcey', 11, '남', 0, '2021-09-15 00:00:00', '2021-09-15 00:00:00'),
	(60, '695906849-5', '*A4B6157319038724E3560894F7F932C8886EBFCF', 'Tierney', 22, '여', 0, '2021-09-15 00:00:00', '2021-09-15 00:00:00'),
	(61, '694028076-6', '*A4B6157319038724E3560894F7F932C8886EBFCF', 'Fernande', 96, '여', 0, '2021-09-15 00:00:00', '2021-09-15 00:00:00'),
	(62, '820153679-7', '*A4B6157319038724E3560894F7F932C8886EBFCF', 'Marijn', 98, '남', 0, '2021-09-15 00:00:00', '2021-09-15 00:00:00'),
	(63, '198929448-0', '*A4B6157319038724E3560894F7F932C8886EBFCF', 'Betsey', 20, '여', 0, '2021-09-15 00:00:00', '2021-09-15 00:00:00'),
	(64, '845913399-0', '*A4B6157319038724E3560894F7F932C8886EBFCF', 'Jeremias', 84, '여', 0, '2021-09-15 00:00:00', '2021-09-15 00:00:00'),
	(65, '410664439-8', '*A4B6157319038724E3560894F7F932C8886EBFCF', 'Ax', 87, '남', 0, '2021-09-15 00:00:00', '2021-09-15 00:00:00'),
	(66, '694064584-5', '*A4B6157319038724E3560894F7F932C8886EBFCF', 'Babbie', 80, '여', 0, '2021-09-15 00:00:00', '2021-09-15 00:00:00'),
	(67, '049027753-5', '*A4B6157319038724E3560894F7F932C8886EBFCF', 'Hyman', 93, '여', 0, '2021-09-15 00:00:00', '2021-09-15 00:00:00'),
	(68, '979794927-3', '*A4B6157319038724E3560894F7F932C8886EBFCF', 'Hanna', 55, '남', 0, '2021-09-15 00:00:00', '2021-09-15 00:00:00'),
	(69, '730775988-8', '*A4B6157319038724E3560894F7F932C8886EBFCF', 'Cello', 69, '여', 0, '2021-09-15 00:00:00', '2021-09-15 00:00:00'),
	(70, '630096457-4', '*A4B6157319038724E3560894F7F932C8886EBFCF', 'Kienan', 31, '남', 0, '2021-09-15 00:00:00', '2021-09-15 00:00:00'),
	(71, '472918847-0', '*A4B6157319038724E3560894F7F932C8886EBFCF', 'Richard', 99, '여', 0, '2021-09-15 00:00:00', '2021-09-15 00:00:00'),
	(72, '706183414-5', '*A4B6157319038724E3560894F7F932C8886EBFCF', 'Gregoire', 39, '남', 0, '2021-09-15 00:00:00', '2021-09-15 00:00:00'),
	(73, '349525259-2', '*A4B6157319038724E3560894F7F932C8886EBFCF', 'Cora', 79, '남', 0, '2021-09-15 00:00:00', '2021-09-15 00:00:00'),
	(74, '432918373-0', '*A4B6157319038724E3560894F7F932C8886EBFCF', 'Derward', 58, '여', 0, '2021-09-15 00:00:00', '2021-09-15 00:00:00'),
	(75, '826161912-5', '*A4B6157319038724E3560894F7F932C8886EBFCF', 'Celestina', 42, '여', 0, '2021-09-15 00:00:00', '2021-09-15 00:00:00'),
	(76, '513257403-3', '*A4B6157319038724E3560894F7F932C8886EBFCF', 'Drusi', 49, '남', 0, '2021-09-15 00:00:00', '2021-09-15 00:00:00'),
	(77, '996016714-3', '*A4B6157319038724E3560894F7F932C8886EBFCF', 'Gard', 84, '여', 0, '2021-09-15 00:00:00', '2021-09-15 00:00:00'),
	(78, '952871018-2', '*A4B6157319038724E3560894F7F932C8886EBFCF', 'Quillan', 76, '남', 0, '2021-09-15 00:00:00', '2021-09-15 00:00:00'),
	(79, '799611413-7', '*A4B6157319038724E3560894F7F932C8886EBFCF', 'Mattie', 68, '남', 0, '2021-09-15 00:00:00', '2021-09-15 00:00:00'),
	(80, '148601393-7', '*A4B6157319038724E3560894F7F932C8886EBFCF', 'Tristam', 96, '남', 0, '2021-09-15 00:00:00', '2021-09-15 00:00:00'),
	(81, '948357767-5', '*A4B6157319038724E3560894F7F932C8886EBFCF', 'Clem', 50, '여', 0, '2021-09-15 00:00:00', '2021-09-15 00:00:00'),
	(82, '977130350-3', '*A4B6157319038724E3560894F7F932C8886EBFCF', 'Fayth', 71, '남', 0, '2021-09-15 00:00:00', '2021-09-15 00:00:00'),
	(83, '103223412-1', '*A4B6157319038724E3560894F7F932C8886EBFCF', 'Oliy', 64, '남', 0, '2021-09-15 00:00:00', '2021-09-15 00:00:00'),
	(84, '984538152-9', '*A4B6157319038724E3560894F7F932C8886EBFCF', 'Harriott', 54, '여', 0, '2021-09-15 00:00:00', '2021-09-15 00:00:00'),
	(85, '870083064-X', '*A4B6157319038724E3560894F7F932C8886EBFCF', 'Sherline', 100, '여', 0, '2021-09-15 00:00:00', '2021-09-15 00:00:00'),
	(86, '868669741-0', '*A4B6157319038724E3560894F7F932C8886EBFCF', 'Shari', 90, '남', 0, '2021-09-15 00:00:00', '2021-09-15 00:00:00'),
	(87, '386018240-4', '*A4B6157319038724E3560894F7F932C8886EBFCF', 'Dorelia', 58, '남', 0, '2021-09-15 00:00:00', '2021-09-15 00:00:00'),
	(88, '880923878-8', '*A4B6157319038724E3560894F7F932C8886EBFCF', 'Spencer', 19, '여', 0, '2021-09-15 00:00:00', '2021-09-15 00:00:00'),
	(89, '419505514-8', '*A4B6157319038724E3560894F7F932C8886EBFCF', 'Walker', 47, '여', 0, '2021-09-15 00:00:00', '2021-09-15 00:00:00'),
	(90, '081754989-7', '*A4B6157319038724E3560894F7F932C8886EBFCF', 'Ola', 96, '여', 0, '2021-09-15 00:00:00', '2021-09-15 00:00:00'),
	(91, '403764136-4', '*A4B6157319038724E3560894F7F932C8886EBFCF', 'Etienne', 16, '남', 0, '2021-09-15 00:00:00', '2021-09-15 00:00:00'),
	(92, '659198595-6', '*A4B6157319038724E3560894F7F932C8886EBFCF', 'Nollie', 20, '여', 0, '2021-09-15 00:00:00', '2021-09-15 00:00:00'),
	(93, '727717858-0', '*A4B6157319038724E3560894F7F932C8886EBFCF', 'Mateo', 25, '여', 0, '2021-09-15 00:00:00', '2021-09-15 00:00:00'),
	(94, '105011039-0', '*A4B6157319038724E3560894F7F932C8886EBFCF', 'Britt', 52, '여', 0, '2021-09-15 00:00:00', '2021-09-15 00:00:00'),
	(95, '764373063-6', '*A4B6157319038724E3560894F7F932C8886EBFCF', 'Lise', 79, '여', 0, '2021-09-15 00:00:00', '2021-09-15 00:00:00'),
	(96, '626135167-8', '*A4B6157319038724E3560894F7F932C8886EBFCF', 'Kippie', 12, '여', 0, '2021-09-15 00:00:00', '2021-09-15 00:00:00'),
	(97, '841686505-1', '*A4B6157319038724E3560894F7F932C8886EBFCF', 'Teodorico', 68, '남', 0, '2021-09-15 00:00:00', '2021-09-15 00:00:00'),
	(98, '086461049-1', '*A4B6157319038724E3560894F7F932C8886EBFCF', 'Orazio', 17, '여', 0, '2021-09-15 00:00:00', '2021-09-15 00:00:00'),
	(99, '512011327-3', '*A4B6157319038724E3560894F7F932C8886EBFCF', 'Christin', 25, '여', 0, '2021-09-15 00:00:00', '2021-09-15 00:00:00'),
	(100, '428400028-4', '*A4B6157319038724E3560894F7F932C8886EBFCF', 'Dallas', 15, '남', 0, '2021-09-15 00:00:00', '2021-09-15 00:00:00'),
	(101, '293126683-3', '*A4B6157319038724E3560894F7F932C8886EBFCF', 'Morgana', 86, '남', 0, '2021-09-15 00:00:00', '2021-09-15 00:00:00'),
	(102, '035957324-X', '*A4B6157319038724E3560894F7F932C8886EBFCF', 'Adolphe', 95, '남', 0, '2021-09-15 00:00:00', '2021-09-15 00:00:00'),
	(103, '350619515-8', '*A4B6157319038724E3560894F7F932C8886EBFCF', 'Trix', 23, '남', 0, '2021-09-15 00:00:00', '2021-09-15 00:00:00'),
	(104, '410784204-5', '*A4B6157319038724E3560894F7F932C8886EBFCF', 'Katharine', 54, '여', 0, '2021-09-15 00:00:00', '2021-09-15 00:00:00'),
	(105, '036910842-6', '*A4B6157319038724E3560894F7F932C8886EBFCF', 'Lorilee', 96, '여', 0, '2021-09-15 00:00:00', '2021-09-15 00:00:00'),
	(106, 'test', '*A4B6157319038724E3560894F7F932C8886EBFCF', 'sample', 26, '남', 0, '2021-09-15 14:28:44', '2021-09-15 14:28:44'),
	(107, 't', '*E6CC90B878B948C35E92B003C792C46C58C4AF40', 'sample', 23, '여', 1, '2021-09-17 17:16:05', '2021-10-04 22:18:06');
/*!40000 ALTER TABLE `member` ENABLE KEYS */;

-- 테이블 shop.notice 구조 내보내기
CREATE TABLE IF NOT EXISTS `notice` (
  `notice_no` int(11) NOT NULL AUTO_INCREMENT,
  `notice_title` varchar(500) NOT NULL,
  `notice_content` text NOT NULL,
  `member_no` int(11) NOT NULL,
  `create_date` datetime NOT NULL,
  `update_date` datetime NOT NULL,
  PRIMARY KEY (`notice_no`)
) ENGINE=InnoDB AUTO_INCREMENT=102 DEFAULT CHARSET=utf8mb3;

-- 테이블 데이터 shop.notice:~101 rows (대략적) 내보내기
DELETE FROM `notice`;
/*!40000 ALTER TABLE `notice` DISABLE KEYS */;
INSERT INTO `notice` (`notice_no`, `notice_title`, `notice_content`, `member_no`, `create_date`, `update_date`) VALUES
	(1, 'Kevin Smith: Burn in Hell', 'Watson Laboratories, Inc.', 6, '2021-06-16 00:00:00', '2021-09-29 00:00:00'),
	(2, 'That\'s Entertainment! III', 'Nelco Laboratories, Inc.', 6, '2021-09-27 00:00:00', '2021-09-29 00:00:00'),
	(3, 'Strange Case of Angelica, The (O Estranho Caso de Angélica)', 'Amneal Pharmaceuticals, LLC', 6, '2020-10-08 00:00:00', '2021-09-29 00:00:00'),
	(4, 'Ugly American, The', 'Nelco Laboratories, Inc.', 6, '2021-02-16 00:00:00', '2021-09-29 00:00:00'),
	(5, 'Ultimate Warrior, The', 'Meijer Distribution Inc', 6, '2021-09-16 00:00:00', '2021-09-29 00:00:00'),
	(6, 'Halloween', 'Fresenius Kabi USA, LLC', 6, '2021-02-20 00:00:00', '2021-09-29 00:00:00'),
	(7, 'Three Wishes', 'Mary Kay Inc.', 6, '2021-08-27 00:00:00', '2021-09-29 00:00:00'),
	(8, 'Fight Club', 'Bedford Laboratories', 6, '2021-04-04 00:00:00', '2021-09-29 00:00:00'),
	(9, 'Garage, The', 'AMOREPACIFIC', 6, '2021-09-10 00:00:00', '2021-09-29 00:00:00'),
	(10, 'Voyage to the Bottom of the Sea', 'REMEDYREPACK INC.', 6, '2021-05-17 00:00:00', '2021-09-29 00:00:00'),
	(11, 'RoboGeisha (Robo-geisha)', 'Perrigo New York Inc', 6, '2020-12-08 00:00:00', '2021-09-29 00:00:00'),
	(12, 'Winnie the Pooh and the Blustery Day', 'CVS PHARMACY', 6, '2021-01-04 00:00:00', '2021-09-29 00:00:00'),
	(13, 'All the Rage (It\'s the Rage)', 'Upsher-Smith Laboratories, Inc.', 6, '2021-04-19 00:00:00', '2021-09-29 00:00:00'),
	(14, 'Click', 'Accord Healthcare Inc.', 6, '2021-01-18 00:00:00', '2021-09-29 00:00:00'),
	(15, 'Glory Road', 'Bryant Ranch Prepack', 6, '2020-11-15 00:00:00', '2021-09-29 00:00:00'),
	(16, 'Given Word, The (O Pagador de Promessas)', 'Cephalon, Inc.', 6, '2020-11-27 00:00:00', '2021-09-29 00:00:00'),
	(17, 'William Vincent (Shadows and Lies)', 'Unit Dose Services', 6, '2021-06-11 00:00:00', '2021-09-29 00:00:00'),
	(18, 'Confidentially Connie', 'Glenmark Generics Inc., USA', 6, '2021-03-08 00:00:00', '2021-09-29 00:00:00'),
	(19, 'Godson, The', 'Cosmetic Laboratories of America', 6, '2021-01-24 00:00:00', '2021-09-29 00:00:00'),
	(20, 'All for the Winner (Dou sing)', 'Lake Erie Medical & Surgical Supply DBA Quality Care Products LLC', 6, '2021-02-03 00:00:00', '2021-09-29 00:00:00'),
	(21, 'Batman', 'Eisai Inc.', 6, '2020-11-12 00:00:00', '2021-09-29 00:00:00'),
	(22, 'Little Traitor, The', 'Bocchi Laboratories Inc.', 6, '2021-01-01 00:00:00', '2021-09-29 00:00:00'),
	(23, 'Kagi (Odd Obsession)', 'Mylan Pharmaceuticals Inc.', 6, '2021-01-01 00:00:00', '2021-09-29 00:00:00'),
	(24, 'Dragon Fist (Long quan)', 'Sanum Kehlbeck GmbH & Co. KG', 6, '2021-01-14 00:00:00', '2021-09-29 00:00:00'),
	(25, 'Malone', 'Aurobindo Pharma Limited', 6, '2021-05-20 00:00:00', '2021-09-29 00:00:00'),
	(26, 'Porky\'s Revenge', 'CVS PHARMACY', 6, '2021-09-05 00:00:00', '2021-09-29 00:00:00'),
	(27, 'Puppet Master: The Legacy (Puppet Master 8)', 'Fresenius Kabi USA, LLC', 6, '2021-03-07 00:00:00', '2021-09-29 00:00:00'),
	(28, 'Eyes of a Stranger', 'Alcon Laboratories, Inc.', 6, '2021-02-28 00:00:00', '2021-09-29 00:00:00'),
	(29, 'Ice Castles', 'Acme United Corporation', 6, '2021-02-20 00:00:00', '2021-09-29 00:00:00'),
	(30, 'Goddess of 1967, The', 'L. Perrigo Company', 6, '2020-11-01 00:00:00', '2021-09-29 00:00:00'),
	(31, 'The Boyfriend School', 'Aidance Skincare & Topical Solutions, LLC', 6, '2020-11-21 00:00:00', '2021-09-29 00:00:00'),
	(32, 'Midnight Madness', 'Antigen Laboratories, Inc.', 6, '2020-12-18 00:00:00', '2021-09-29 00:00:00'),
	(33, 'Viva Cuba', 'St Marys Medical Park Pharmacy', 6, '2020-12-27 00:00:00', '2021-09-29 00:00:00'),
	(34, 'Ricky Gervais: Out of England - The Stand-Up Special', 'CVS', 6, '2021-04-09 00:00:00', '2021-09-29 00:00:00'),
	(35, 'Young Frankenstein', 'Eon Labs, Inc.', 6, '2021-09-19 00:00:00', '2021-09-29 00:00:00'),
	(36, 'Contracted', 'Major Pharmaceuticals', 6, '2021-02-15 00:00:00', '2021-09-29 00:00:00'),
	(37, 'Die Weihnachtsklempner', 'HOMEOLAB USA INC.', 6, '2020-12-01 00:00:00', '2021-09-29 00:00:00'),
	(38, 'Betrayed', 'Cardinal Health', 6, '2021-08-22 00:00:00', '2021-09-29 00:00:00'),
	(39, 'Suspicion', 'Vitality Works, Inc.', 6, '2021-06-06 00:00:00', '2021-09-29 00:00:00'),
	(40, 'Marc Pease Experience, The', 'Ferring Pharmaceuticals Inc.', 6, '2020-12-01 00:00:00', '2021-09-29 00:00:00'),
	(41, 'Tales from the Hood', 'Nelco Laboratories, Inc.', 6, '2021-01-24 00:00:00', '2021-09-29 00:00:00'),
	(42, 'Jean-Michel Basquiat: The Radiant Child', 'REMEDYREPACK INC.', 6, '2021-01-29 00:00:00', '2021-09-29 00:00:00'),
	(43, 'Toolbox Murders', 'REMEDYREPACK INC.', 6, '2020-11-20 00:00:00', '2021-09-29 00:00:00'),
	(44, 'Gabriel', 'Cardinal Health', 6, '2020-12-05 00:00:00', '2021-09-29 00:00:00'),
	(45, 'Osaka Elegy (Naniwa erejî)', 'The Dial Corporation', 6, '2021-09-11 00:00:00', '2021-09-29 00:00:00'),
	(46, 'Hudsucker Proxy, The', 'Deseret Biologicals, Inc.', 6, '2020-11-05 00:00:00', '2021-09-29 00:00:00'),
	(47, 'Cleo from 5 to 7 (Cléo de 5 à 7)', 'Acella Pharmaceuticals, LLC', 6, '2021-03-27 00:00:00', '2021-09-29 00:00:00'),
	(48, 'Corridors of Time: The Visitors II, The (Couloirs du temps: Les visiteurs 2, Les)', 'APP Pharmaceuticals, LLC', 6, '2020-10-04 00:00:00', '2021-09-29 00:00:00'),
	(49, 'Agnes Browne', 'Cardinal Health', 6, '2020-09-29 00:00:00', '2021-09-29 00:00:00'),
	(50, 'Gabrielle', 'Soaptronic, LLC', 6, '2020-12-12 00:00:00', '2021-09-29 00:00:00'),
	(51, 'Lovecraft: Fear of the Unknown', 'UDL Laboratories, Inc.', 6, '2021-02-27 00:00:00', '2021-09-29 00:00:00'),
	(52, 'Turkish Passion (La pasión turca)', 'MSD Consumer Care, Inc.', 6, '2021-01-30 00:00:00', '2021-09-29 00:00:00'),
	(53, 'Jacknife', 'Lake Erie Medical DBA Quality Care Products LLC', 6, '2020-11-01 00:00:00', '2021-09-29 00:00:00'),
	(54, 'Goodfellas', 'General Injectables & Vaccines, Inc', 6, '2021-01-29 00:00:00', '2021-09-29 00:00:00'),
	(55, 'Confessions of a Dangerous Mind', 'Acme United Corporation', 6, '2021-01-31 00:00:00', '2021-09-29 00:00:00'),
	(56, 'Mr. & Mrs. Smith', 'Physicians Total Care, Inc.', 6, '2021-05-05 00:00:00', '2021-09-29 00:00:00'),
	(57, 'North (Nord)', 'REMEDYREPACK INC.', 6, '2021-04-29 00:00:00', '2021-09-29 00:00:00'),
	(58, 'Get on Up', 'Major Pharmaceuticals', 6, '2021-01-14 00:00:00', '2021-09-29 00:00:00'),
	(59, 'Yojimbo', 'Conopco Inc. d/b/a Unilever', 6, '2020-10-05 00:00:00', '2021-09-29 00:00:00'),
	(60, 'Cargo', 'Apotex Corp', 6, '2021-09-21 00:00:00', '2021-09-29 00:00:00'),
	(61, 'Déjà Vu (Deja Vu)', 'Patterson Dental Supply Inc', 6, '2021-02-19 00:00:00', '2021-09-29 00:00:00'),
	(62, 'Nô', 'AvKARE, Inc.', 6, '2021-03-30 00:00:00', '2021-09-29 00:00:00'),
	(63, 'Barney\'s Great Adventure', 'Purminerals', 6, '2021-09-13 00:00:00', '2021-09-29 00:00:00'),
	(64, 'Skin Game, The', 'Remedy Makers', 6, '2021-04-23 00:00:00', '2021-09-29 00:00:00'),
	(65, 'Last Train from Gun Hill', 'PHARMAZEUTISCHE FABRIK DR. RECKEWEG & CO', 6, '2021-01-07 00:00:00', '2021-09-29 00:00:00'),
	(66, 'Choke', 'Lake Erie Medical DBA Quality Care Products LLC', 6, '2020-12-28 00:00:00', '2021-09-29 00:00:00'),
	(67, 'Scream of Fear (a.k.a. Taste of Fear)', 'Qualitest Pharmaceuticals', 6, '2021-03-14 00:00:00', '2021-09-29 00:00:00'),
	(68, 'Cheap Detective, The', 'Bocchi Laboratories Inc.', 6, '2021-07-06 00:00:00', '2021-09-29 00:00:00'),
	(69, 'Dating Games People Play', 'Lancaster S.A.M.', 6, '2020-11-29 00:00:00', '2021-09-29 00:00:00'),
	(70, 'Defiant Ones, The', 'Blacksmith Brands Inc.', 6, '2021-07-01 00:00:00', '2021-09-29 00:00:00'),
	(71, 'Informers, The', 'Ventura International LTD.', 6, '2021-02-03 00:00:00', '2021-09-29 00:00:00'),
	(72, 'Inhuman Resources (Redd Inc.)', 'McKesson Packaging Services a business unit of McKesson Corporation', 6, '2021-07-09 00:00:00', '2021-09-29 00:00:00'),
	(73, 'Bad Boys', 'Mylan Pharmaceuticals Inc.', 6, '2021-07-03 00:00:00', '2021-09-29 00:00:00'),
	(74, 'Hurricane, The', 'Ventura International LTD', 6, '2021-04-03 00:00:00', '2021-09-29 00:00:00'),
	(75, 'I Love You, Don\'t Touch Me!', 'Gambro Renal Products', 6, '2021-04-17 00:00:00', '2021-09-29 00:00:00'),
	(76, 'Hollywood Sex Wars', 'WAL-MART STORES INC', 6, '2021-06-04 00:00:00', '2021-09-29 00:00:00'),
	(77, 'Get Carter', 'Apotex Corp', 6, '2020-10-22 00:00:00', '2021-09-29 00:00:00'),
	(78, 'Zachariah', 'Purdue GMP Center LLC', 6, '2020-10-28 00:00:00', '2021-09-29 00:00:00'),
	(79, 'Flicker', 'Cardinal Health', 6, '2021-05-15 00:00:00', '2021-09-29 00:00:00'),
	(80, 'Once Around', 'Arbor Pharmaceuticals, Inc.', 6, '2020-11-02 00:00:00', '2021-09-29 00:00:00'),
	(81, 'David Cross: The Pride Is Back', 'W. H. Goodale Co. Inc.', 6, '2020-11-23 00:00:00', '2021-09-29 00:00:00'),
	(82, 'Tyler Perry\'s Madea\'s Family Reunion', 'NewMarket Health Products LLC', 6, '2021-03-10 00:00:00', '2021-09-29 00:00:00'),
	(83, 'Terror Beneath the Sea, The (Kaitei daisensô)', 'DZA BRANDS', 6, '2021-01-09 00:00:00', '2021-09-29 00:00:00'),
	(84, 'Filmistaan', 'Alvogen, Inc.', 6, '2021-04-02 00:00:00', '2021-09-29 00:00:00'),
	(85, 'Noah', 'Rebel Distributors Corp', 6, '2021-04-14 00:00:00', '2021-09-29 00:00:00'),
	(86, 'Manos: The Hands of Fate', 'Precision Dose Inc.', 6, '2020-12-12 00:00:00', '2021-09-29 00:00:00'),
	(87, 'Grey Fox, The', 'TYA Pharmaceuticals', 6, '2021-06-20 00:00:00', '2021-09-29 00:00:00'),
	(88, 'Firstborn', 'Migranade Inc.', 6, '2020-11-25 00:00:00', '2021-09-29 00:00:00'),
	(89, 'Playing It Cool', 'Wockhardt USA LLC.', 6, '2021-01-21 00:00:00', '2021-09-29 00:00:00'),
	(90, 'Torque', 'HOMEOLAB USA INC.', 6, '2020-11-29 00:00:00', '2021-09-29 00:00:00'),
	(91, 'Kautokeino Rebellion, The (Kautokeino-opprøret)', 'DZA Brands LLC', 6, '2021-05-17 00:00:00', '2021-09-29 00:00:00'),
	(92, 'Sick Girl', 'Physicians Total Care, Inc.', 6, '2021-08-06 00:00:00', '2021-09-29 00:00:00'),
	(93, 'Bells of Innocence', 'St Marys Medical Park Pharmacy', 6, '2020-10-07 00:00:00', '2021-09-29 00:00:00'),
	(94, 'Bandits (Bandidos)', 'Natural Health Supply', 6, '2021-05-20 00:00:00', '2021-09-29 00:00:00'),
	(95, 'Dolphin Tale 2', 'Rebel Distributors Corp.', 6, '2020-12-17 00:00:00', '2021-09-29 00:00:00'),
	(96, 'Above and Beyond', 'Actavis Kadian LLC', 6, '2020-12-04 00:00:00', '2021-09-29 00:00:00'),
	(97, 'Shadow Dancer', 'Blistex inc', 6, '2021-07-15 00:00:00', '2021-09-29 00:00:00'),
	(98, 'Stepfather II', 'Glenmark Generics Inc., USA', 6, '2021-04-11 00:00:00', '2021-09-29 00:00:00'),
	(99, 'Blue Bird, The', 'Harris Pharmaceutical, Inc.', 6, '2020-12-10 00:00:00', '2021-09-29 00:00:00'),
	(100, 'Snow (Snijeg)', 'Go Smile, Inc.', 6, '2021-07-15 00:00:00', '2021-09-29 00:00:00'),
	(101, 'test', '5555', 6, '2021-09-30 15:32:38', '2021-09-30 15:32:38');
/*!40000 ALTER TABLE `notice` ENABLE KEYS */;

-- 테이블 shop.orders 구조 내보내기
CREATE TABLE IF NOT EXISTS `orders` (
  `order_no` int(11) NOT NULL AUTO_INCREMENT,
  `ebook_no` int(11) NOT NULL,
  `member_no` int(11) NOT NULL,
  `order_price` int(11) NOT NULL,
  `create_date` datetime NOT NULL,
  `update_date` datetime NOT NULL,
  PRIMARY KEY (`order_no`)
) ENGINE=InnoDB AUTO_INCREMENT=62 DEFAULT CHARSET=utf8mb3;

-- 테이블 데이터 shop.orders:~57 rows (대략적) 내보내기
DELETE FROM `orders`;
/*!40000 ALTER TABLE `orders` DISABLE KEYS */;
INSERT INTO `orders` (`order_no`, `ebook_no`, `member_no`, `order_price`, `create_date`, `update_date`) VALUES
	(1, 2, 106, 1000, '2021-09-24 00:00:00', '2021-09-24 00:00:00'),
	(2, 6, 106, 1000, '2021-09-24 00:00:00', '2021-09-24 00:00:00'),
	(3, 6, 106, 1000, '2021-09-24 00:00:00', '2021-09-24 00:00:00'),
	(5, 2, 106, 1000, '2021-09-24 00:00:00', '2021-09-24 00:00:00'),
	(6, 6, 8, 1000, '2021-09-24 00:00:00', '2021-09-24 00:00:00'),
	(7, 6, 5, 1000, '2021-09-24 00:00:00', '2021-09-24 00:00:00'),
	(9, 5, 20, 1000, '2021-09-24 00:00:00', '2021-09-24 00:00:00'),
	(10, 5, 18, 1000, '2021-09-24 00:00:00', '2021-09-24 00:00:00'),
	(11, 2, 15, 1000, '2021-09-24 00:00:00', '2021-09-24 00:00:00'),
	(12, 2, 19, 1000, '2021-09-24 00:00:00', '2021-09-24 00:00:00'),
	(13, 1, 17, 1000, '2021-09-24 00:00:00', '2021-09-24 00:00:00'),
	(14, 8, 17, 1000, '2021-09-24 00:00:00', '2021-09-24 00:00:00'),
	(15, 7, 18, 1000, '2021-09-24 00:00:00', '2021-09-24 00:00:00'),
	(16, 7, 13, 1000, '2021-09-24 00:00:00', '2021-09-24 00:00:00'),
	(17, 5, 14, 1000, '2021-09-24 00:00:00', '2021-09-24 00:00:00'),
	(18, 8, 13, 1000, '2021-09-24 00:00:00', '2021-09-24 00:00:00'),
	(19, 8, 20, 1000, '2021-09-24 00:00:00', '2021-09-24 00:00:00'),
	(20, 1, 14, 1000, '2021-09-24 00:00:00', '2021-09-24 00:00:00'),
	(21, 4, 20, 1000, '2021-09-24 00:00:00', '2021-09-24 00:00:00'),
	(22, 8, 18, 1000, '2021-09-24 00:00:00', '2021-09-24 00:00:00'),
	(23, 2, 13, 1000, '2021-09-24 00:00:00', '2021-09-24 00:00:00'),
	(24, 2, 19, 1000, '2021-09-24 00:00:00', '2021-09-24 00:00:00'),
	(25, 2, 11, 1000, '2021-09-24 00:00:00', '2021-09-24 00:00:00'),
	(26, 5, 15, 1000, '2021-09-24 00:00:00', '2021-09-24 00:00:00'),
	(27, 8, 12, 1000, '2021-09-24 00:00:00', '2021-09-24 00:00:00'),
	(28, 5, 16, 1000, '2021-09-24 00:00:00', '2021-09-24 00:00:00'),
	(29, 9, 12, 1000, '2021-09-24 00:00:00', '2021-09-24 00:00:00'),
	(30, 6, 15, 1000, '2021-09-24 00:00:00', '2021-09-24 00:00:00'),
	(31, 4, 14, 1000, '2021-09-24 00:00:00', '2021-09-24 00:00:00'),
	(32, 8, 20, 1000, '2021-09-24 00:00:00', '2021-09-24 00:00:00'),
	(33, 2, 11, 1000, '2021-09-24 00:00:00', '2021-09-24 00:00:00'),
	(34, 6, 18, 1000, '2021-09-24 00:00:00', '2021-09-24 00:00:00'),
	(35, 1, 13, 1000, '2021-09-24 00:00:00', '2021-09-24 00:00:00'),
	(36, 7, 15, 1000, '2021-09-24 00:00:00', '2021-09-24 00:00:00'),
	(37, 9, 20, 1000, '2021-09-24 00:00:00', '2021-09-24 00:00:00'),
	(38, 4, 19, 1000, '2021-09-24 00:00:00', '2021-09-24 00:00:00'),
	(39, 9, 11, 1000, '2021-09-24 00:00:00', '2021-09-24 00:00:00'),
	(40, 3, 14, 1000, '2021-09-24 00:00:00', '2021-09-24 00:00:00'),
	(41, 10, 15, 1000, '2021-09-24 00:00:00', '2021-09-24 00:00:00'),
	(42, 3, 13, 1000, '2021-09-24 00:00:00', '2021-09-24 00:00:00'),
	(43, 4, 19, 1000, '2021-09-24 00:00:00', '2021-09-24 00:00:00'),
	(44, 9, 12, 1000, '2021-09-24 00:00:00', '2021-09-24 00:00:00'),
	(45, 2, 18, 1000, '2021-09-24 00:00:00', '2021-09-24 00:00:00'),
	(46, 8, 13, 1000, '2021-09-24 00:00:00', '2021-09-24 00:00:00'),
	(47, 1, 20, 1000, '2021-09-24 00:00:00', '2021-09-24 00:00:00'),
	(48, 5, 17, 1000, '2021-09-24 00:00:00', '2021-09-24 00:00:00'),
	(49, 1, 18, 1000, '2021-09-24 00:00:00', '2021-09-24 00:00:00'),
	(50, 5, 19, 1000, '2021-09-24 00:00:00', '2021-09-24 00:00:00'),
	(51, 5, 11, 1000, '2021-09-24 00:00:00', '2021-09-24 00:00:00'),
	(52, 1, 15, 1000, '2021-09-24 00:00:00', '2021-09-24 00:00:00'),
	(53, 10, 14, 1000, '2021-09-24 00:00:00', '2021-09-24 00:00:00'),
	(54, 8, 11, 1000, '2021-09-24 00:00:00', '2021-09-24 00:00:00'),
	(55, 7, 11, 1000, '2021-09-24 00:00:00', '2021-09-24 00:00:00'),
	(56, 4, 12, 1000, '2021-09-24 00:00:00', '2021-09-24 00:00:00'),
	(57, 7, 16, 1000, '2021-09-24 00:00:00', '2021-09-24 00:00:00'),
	(59, 523, 106, 7700, '2021-09-28 15:16:21', '2021-09-28 15:16:21'),
	(60, 523, 6, 7700, '2021-09-29 17:53:13', '2021-09-29 17:53:13'),
	(61, 523, 6, 6600, '2021-10-04 23:11:05', '2021-10-04 23:11:05');
/*!40000 ALTER TABLE `orders` ENABLE KEYS */;

-- 테이블 shop.order_comment 구조 내보내기
CREATE TABLE IF NOT EXISTS `order_comment` (
  `order_no` int(11) NOT NULL,
  `ebook_no` int(11) NOT NULL,
  `order_score` int(11) NOT NULL,
  `order_comment_content` text NOT NULL,
  `create_date` datetime NOT NULL,
  `update_date` datetime NOT NULL,
  PRIMARY KEY (`order_no`)
) ENGINE=InnoDB DEFAULT CHARSET=utf8mb3;

-- 테이블 데이터 shop.order_comment:~11 rows (대략적) 내보내기
DELETE FROM `order_comment`;
/*!40000 ALTER TABLE `order_comment` DISABLE KEYS */;
INSERT INTO `order_comment` (`order_no`, `ebook_no`, `order_score`, `order_comment_content`, `create_date`, `update_date`) VALUES
	(1, 2, 4, 'test', '2021-09-27 17:00:32', '2021-09-27 17:00:32'),
	(2, 2, 3, 'test6', '2021-09-28 16:31:07', '2021-09-28 16:31:08'),
	(3, 6, 5, 'test2', '2021-09-27 17:05:36', '2021-09-27 17:05:36'),
	(4, 2, 2, 'test7', '2021-09-28 16:31:35', '2021-09-28 16:31:36'),
	(5, 2, 1, 'test4', '2021-09-27 17:15:45', '2021-09-27 17:15:45'),
	(6, 2, 5, 'test8', '2021-09-28 16:31:46', '2021-09-28 16:31:47'),
	(7, 2, 3, 'test3', '2021-09-28 13:39:57', '2021-09-28 13:39:58'),
	(8, 2, 2, 'test9', '2021-09-28 16:32:00', '2021-09-28 16:32:00'),
	(9, 2, 2, 'test19', '2021-09-28 16:32:14', '2021-09-28 16:32:15'),
	(10, 2, 5, 'test11', '2021-09-28 16:32:27', '2021-09-28 16:32:28'),
	(11, 2, 1, 'test12', '2021-09-28 16:32:38', '2021-09-28 16:32:39'),
	(12, 2, 5, 'test13', '2021-09-28 16:32:46', '2021-09-28 16:32:47'),
	(60, 523, 3, 'test', '2021-10-04 23:02:11', '2021-10-04 23:02:11');
/*!40000 ALTER TABLE `order_comment` ENABLE KEYS */;

-- 테이블 shop.qna 구조 내보내기
CREATE TABLE IF NOT EXISTS `qna` (
  `qna_no` int(11) NOT NULL AUTO_INCREMENT,
  `qna_category` enum('전자책관련','개인정보관련','기타') NOT NULL,
  `qna_title` varchar(500) NOT NULL,
  `qna_content` text NOT NULL,
  `qna_secret` enum('Y','N') NOT NULL,
  `member_no` int(11) NOT NULL,
  `member_id` varchar(50) NOT NULL,
  `create_date` datetime NOT NULL,
  `update_date` datetime NOT NULL,
  PRIMARY KEY (`qna_no`)
) ENGINE=InnoDB AUTO_INCREMENT=14 DEFAULT CHARSET=utf8mb3;

-- 테이블 데이터 shop.qna:~11 rows (대략적) 내보내기
DELETE FROM `qna`;
/*!40000 ALTER TABLE `qna` DISABLE KEYS */;
INSERT INTO `qna` (`qna_no`, `qna_category`, `qna_title`, `qna_content`, `qna_secret`, `member_no`, `member_id`, `create_date`, `update_date`) VALUES
	(1, '전자책관련', 'q1', 'q1', 'N', 90, '081754989-7', '2021-09-29 10:37:20', '2021-09-29 10:37:22'),
	(2, '전자책관련', 'q2', 'q2', 'N', 91, '403764136-4', '2021-09-29 10:37:39', '2021-09-29 10:37:41'),
	(3, '전자책관련', 'q3', 'q3', 'N', 92, '659198595-6', '2021-09-29 10:37:53', '2021-09-29 10:37:54'),
	(4, '개인정보관련', 'q4', 'q4', 'N', 101, '293126683-3', '2021-09-29 10:38:37', '2021-09-29 10:38:39'),
	(5, '개인정보관련', 'test6', '1234', 'N', 106, 'test', '2021-09-30 15:42:02', '2021-09-30 15:42:02'),
	(6, '전자책관련', 'test7', '1234', 'N', 106, 'test', '2021-09-30 15:42:22', '2021-09-30 15:42:22'),
	(7, '기타', '1234', 'test', 'N', 106, 'test', '2021-09-30 15:42:31', '2021-09-30 15:42:31'),
	(8, '기타', 'aassdfg', '12346', 'N', 106, 'test', '2021-09-30 15:42:39', '2021-09-30 15:42:39'),
	(9, '기타', '23231', 'fdgasfga', 'N', 106, 'test', '2021-09-30 15:42:45', '2021-09-30 15:42:45'),
	(10, '개인정보관련', 'rewrwqedfsa', '141345135r315', 'N', 106, 'test', '2021-09-30 15:42:52', '2021-09-30 15:42:52'),
	(12, '개인정보관련', 'update test2', 'update2', 'Y', 106, 'test', '2021-09-30 15:44:03', '2021-09-30 15:44:03');
/*!40000 ALTER TABLE `qna` ENABLE KEYS */;

-- 테이블 shop.qna_comment 구조 내보내기
CREATE TABLE IF NOT EXISTS `qna_comment` (
  `qna_comment_no` int(11) NOT NULL AUTO_INCREMENT,
  `qna_no` int(11) NOT NULL,
  `qna_comment_content` text NOT NULL,
  `member_no` int(11) NOT NULL,
  `member_id` varchar(50) NOT NULL,
  `create_date` datetime NOT NULL,
  `update_date` datetime NOT NULL,
  PRIMARY KEY (`qna_comment_no`) USING BTREE
) ENGINE=InnoDB AUTO_INCREMENT=6 DEFAULT CHARSET=utf8mb3;

-- 테이블 데이터 shop.qna_comment:~4 rows (대략적) 내보내기
DELETE FROM `qna_comment`;
/*!40000 ALTER TABLE `qna_comment` DISABLE KEYS */;
INSERT INTO `qna_comment` (`qna_comment_no`, `qna_no`, `qna_comment_content`, `member_no`, `member_id`, `create_date`, `update_date`) VALUES
	(1, 11, 'a1', 6, 'admin', '2021-09-29 10:39:54', '2021-09-29 10:39:55'),
	(2, 11, 'a2', 6, 'admin', '2021-09-29 10:40:05', '2021-09-29 10:40:05'),
	(4, 10, 'test2', 6, 'admin', '2021-09-30 18:13:38', '2021-09-30 18:13:38'),
	(5, 12, 'test2', 6, 'admin', '2021-10-04 17:10:36', '2021-10-04 17:10:36');
/*!40000 ALTER TABLE `qna_comment` ENABLE KEYS */;

/*!40101 SET SQL_MODE=IFNULL(@OLD_SQL_MODE, '') */;
/*!40014 SET FOREIGN_KEY_CHECKS=IFNULL(@OLD_FOREIGN_KEY_CHECKS, 1) */;
/*!40101 SET CHARACTER_SET_CLIENT=@OLD_CHARACTER_SET_CLIENT */;
/*!40111 SET SQL_NOTES=IFNULL(@OLD_SQL_NOTES, 1) */;
